#,from_state_version,address
1,179871415,component_rdx1cq6af4cdh3vspgepdfuc4xnyen63ttdshxngahvqhaj32x5gy2s469
2,179989542,component_rdx1cznf003hvt2rztcghzc5ncvwu4p2achqmk3glg9aful88yy23fzksh
3,180020098,component_rdx1crtdz6p5zks5ljpzeuv4zee95y2mr9cqex0y5vqgv4c666s3dj8myw
4,180056335,component_rdx1cqp9wtgejl3sn8m38m5htdrc5kpyz9hrettu7qjnctnwwh3se46r5c
5,180333782,component_rdx1cq525zhmhyvhxag9wzwdal94c5emu2h5m2wlj3xjh2x7k70zgasqpp
6,180340565,component_rdx1cq7085v46p9slj6m4z8vyulkykg3f5zhj8tmc9x96nxhx8j9wa6ll5
7,180552285,component_rdx1cztlsx2rtpgttw2xtq3v4jh8gqdr3zuzgr7wwxgatxhm2xd4yhflc0
8,180778700,component_rdx1cqaejra7z0lfvzrnslac8lr4nffacj775xhfqh67gk0lhrc5xjqhpn
9,181045548,component_rdx1cr5tudr6fcdrydpvkthxwa54ywt3wmp3fc4tz4usyvhuuxupty2ut4
10,181002499,component_rdx1cquqkzqclu0c5prckcx6kcfzk5ffekt66udzmq69cd75thwy26dxhu
11,181391736,component_rdx1czh5e6m8ff48fyl6nrvgvle3ncpx5l003dh4sxud26kzevaefjqq6t
12,181594561,component_rdx1cr2ahv9snxyr35aqxeklz0erna607r9s9h5fg8pwf3cy638hh9zutc
13,181701296,component_rdx1crwg2q2qrt2mz06hfcmtkj49xv5emqjxpfkszqaw8wsgfyqxfmaq2f
14,181768741,component_rdx1cq0hwf74eh04079gv2slafvgrwx2007xehl89xs9fjdvmn9rqgv5kn
15,182112796,component_rdx1cqvgk4ut860wkn35j2nn9hehskwhrmwf6uhc07gm8vxt35mq406c8h
16,182665213,component_rdx1czm2h2vw5fq8wz9u97ptyrensrcxz8g2a35k4wsxhg03mn2gmkqky6
17,182660877,component_rdx1czzp6fuhl87n2zqch62mp70dtseka65z7n8da9jg9rhafktj5gslzy
18,182867150,component_rdx1cq3d4yqvnc9289dg5kkzfer8dd5g77na0dh6exhn4awqkf685fw057
19,183008103,component_rdx1cq8h53te0mjy7hmftwxuvpu5xsm63td7d4em0qnpprgasnaqqc2p9g
20,183022163,component_rdx1crjc5lk6dlv5fwj4upexpulqsesy35auky4h27s60jhg89y5a5v3pj
21,183056116,component_rdx1cq4ryluc2p3ge2q6qjaqge6u25t3gknq4lph2knujwf732wcw7szca
22,183219824,component_rdx1crd5wse2yqjewhq0msyylah5kwek3ln5v32uax45s9jv0vtn7mefak
23,183277266,component_rdx1crtgvwxtjw5q00sndwa4r6v43ags8wdm6kah27ktvca4nrym2ts8zt
24,183344438,component_rdx1cpr3u9m4ywm6rclf58dqq8f6mtucpdl6chr5dgx0vfwjjk5l3mu7fa
25,183754266,component_rdx1cplxz8nvnjxjl8xuc68jaqvxc2gt0606a0tectz2hma79svhvzjwyj
26,183947307,component_rdx1czrl3chemgpss4s9wey042rf4z2gu7ek0as0645l44zdpwhr09dfka
27,183949935,component_rdx1cpma26ppvenlvymgz6sjftd6x896hcdk3674m6gs2prkmcd65hhw0g
28,183945279,component_rdx1czs4r2cfjhsffn5wxmgauunxj8xx3gluuavnvz77d2k9hlzwg8jjuf
29,183969453,component_rdx1cqyqts4msz6333rh6z24fyev78g657hv3j2eq56g0fdurrcpcfe9fu
30,184315557,component_rdx1czfxfnwl7t37jwerxpw7ez5htgahyzywmq9gg5n4vy88jsdnw4g3ad
31,185149288,component_rdx1cz6ryakcncrp68ela4sjj744rpkm3dsla4xxt9wqgg3dzvuv2dfugx
32,185520935,component_rdx1cruyvurh95h67e220rk7r7z32hlh8qd94u4hgeytyl5kqtdnp8a4s4
33,185711591,component_rdx1cpfjwc3vwyldzurlmveqchthvkdvku75tf4ghhe3av8cmyv85s7ut8
34,186269978,component_rdx1czeehlmfcw0z52ynht49sqxww097ny43m9ss6g823e9h4t3x722svz
35,186399222,component_rdx1cpa6yzj8nrke220qptjuned7qshcwm3yxxj7wghvuf90pg8n93dcff
36,186419376,component_rdx1czt6kfphd98quwsm8kjfn2zrpudqagruwgwm3m58009ee6wg4ygl7a
37,186774508,component_rdx1cr9ty08flkh7aqwe90f8e60d89rkc9nejyyf7duveh0p54t6a8awaf
38,186775204,component_rdx1cppgcpl03t85mjr2k0hewqrywmlecz3c4m3r2fau3978u23gc75ec3
39,186782869,component_rdx1crgeq96707v76fzpd60tquczxjmc22cvcccrqn89pt38ujhsww5ajj
40,186808520,component_rdx1czydt4mt20yw97kqpzpqne6jny7rckhgnq8u4df20dfpdgusclatpe
41,186921828,component_rdx1crnlx7af4w2thr3ksk3aqqew8zlaca05aj8y74p54070wjadc46cnu
42,186919909,component_rdx1czghkqys57su36y2wrtd9jql2ps03s98pfhdqgec585e34rfpfzyxl
43,187744978,component_rdx1cpvve8gvzcmmwnfldkng5dpmqllzrx8exdthy5ydehhecs3mgwvcer
44,187931565,component_rdx1cpxxq5c0ytt6ejfpkxqjnt2chlxca4y540ufu7pd0yzk8mfcplcxgd
45,187977950,component_rdx1cpl9yhcrcxd4rykzyzx5ca390d3mrp902asnsmg642yccfh3hs8vay
46,187980318,component_rdx1crnx8sxttrd85eheth9f8y0pghcx7dcjnd6k6ryqzcr3p2qmt4aq28
47,188043459,component_rdx1cq2c8l9ddmgxvy8skmnjgdczr855f8ucxukzel2kgh4gqugqajd3yr
48,188210016,component_rdx1cq6eqsqvjqkdr4uv75e2e4sktmjdhy23zqz5s4muajdk4ar4lckhrm
49,188208753,component_rdx1cq33jztuuu6yxzqj5p9wwkt706z7cyc5p9lrvngd2etgyzedf4j2yc
50,188208872,component_rdx1czrll3celhqm2dlac7sqr8em65wht80qt7g2d04988sv3z7q60r9fv
51,188209418,component_rdx1cz0h5uqe6mqehts5xudghmgde8sqt745jsq75rmjrsklyxnf9srndw
52,188209500,component_rdx1cp9cava8k6w0kcvxxcwr9glpu0ts77n327fa7lxf38s3tsnz0m0cv0
53,188213513,component_rdx1czcpevp545spfmgsqe7hgxudc4ckzuzkyjmx390lfmkjccvhts6pnw
54,188217230,component_rdx1cp896v3wqy692tld5crgqltnsccjxuqywkt7st4e7v0fgf8ajmqzad
55,188220733,component_rdx1cpwk6c38hnuqflg0xmqaehv2zsp9prskh0qgjps5v5yn7n2gnp69p8
56,188742829,component_rdx1cq7vlspuhvdp65rwlwzavglmezkhkf9vc20e4stq25ydemcrrd978s
57,188760109,component_rdx1cpdc4e429wpx388e8w4hh4l7get45pa403urjxpalk7ljsn6uez95z
58,188759612,component_rdx1czw52s8hvm3t86q5mervnremmrykygh3thl5z3y2zrgyph8l3hk3jp
59,189298756,component_rdx1cpdmdwx9huzea329ctlzgjja98vv38natdag3qau3v5zhg6mw0s0hw
60,189332180,component_rdx1cpfarms9ywa3w8feuwx57nvwluapa2vta3w36ftl5pq2rm4u8autf7
61,189331710,component_rdx1crg6hpf6evms7dhut9ktzaewhu4z3xt7ctx4z55cclu3wamyd5eykz
62,189449879,component_rdx1cq40lez9k3u87xq0yjyn5y0f52qzfffc5utk0mk2vlar0gxdkqxfxg
63,189610060,component_rdx1cqsp9hwux3zp7q8u3cylgrm7ttm8xqvs0t464kvz2sdnycqa53uvwy
64,189622801,component_rdx1cppyufyvzzkjdh9cq400nf5gksh4j5mnx702a4aswg8ztyqfle9v6m
65,189618313,component_rdx1cr4tfe6fp8sxjfukd2rcx3kgmrjtj6ux4pdzyj67jjs8nanjlpfuuf
66,189620700,component_rdx1czpndg4chc2qlky8vvwmpex5vhjq87v2t4zcm674cljzxztncalszr
67,189621241,component_rdx1crpmwcnr0pr0jvk8mgdv5qqavjlvzyyjp65elsrhjckw3e2nwrw3my
68,189656036,component_rdx1cz00ps44shy0nzl7zj96kw2fcs6e7kwpywgrwpj853gzr3m0tktxzz
69,189685998,component_rdx1cp5y48qu4jjtkr2lg8exckv7cckxcad4sc3ujeg9hq2ypekwck6t0e
70,189636580,component_rdx1crg0mrv5x273ggdppczu98g5xw7w73mqww0vynu8z73xgvw9hacl6x
71,189672760,component_rdx1cz407aduj7egewwd8sw32cd9xclmrh8tr0gmf8zduzupf69xqaqnhn
72,189654803,component_rdx1cq99mjjqlh5e5ucpjlfla8m7uz5s9vnj995m0q39dfxwgewvwud5uh
73,189700516,component_rdx1cqzetma6tle6796aeydsl9tx0nmq23gj4cax4eh9wdra62llymyl29
74,189700790,component_rdx1cpwsvlqw9wkv4f6ws3ps0c7mt07gr3ny2vqjpc027kjdfxpmp46sna
75,189812496,component_rdx1crg57zux948x2fx54xkpldpu92qe309hngw8sg8s8npd6mgn6exy4j
76,190093579,component_rdx1cz0eyg9uswsvu5zne9w62ueecn35969k7j5z8mf7s53z5tgy83wkhk
77,190694382,component_rdx1cr7ahyrv6eyejy43fav56y5fak2txfj97hlphvxnnaazve4hdu96gy
78,190719953,component_rdx1czqqgufqrzf3xd4c564t5ppmg93n7c2xemfjeqrc39zax3xarg6zw8
79,192639551,component_rdx1cq8322qhrhl92wvqacuvpzv7xe2dl8fu7jzd0uxmq7cd7vj90njsxc
80,193067350,component_rdx1cztyt6vuzc6v35r2aqtyvpwkd6rd7z08eh2cd09mkexzpf09psgnsj
81,193085561,component_rdx1crqnfl92ytk874fy2gzt03ph7kh23zejhx807xajmmpssanp50ttau
82,193378957,component_rdx1czx27pjdz6ukagtpajde2yxzyesv3hxwxkeknkdhy8p5p5jwvfe3ew
83,193912530,component_rdx1cq9c4dq8q9vzgj3endqjekgcya33ag6j54kx57w0j8hac3g8kmwcu9
84,194451826,component_rdx1cpkt8v63766tgcz96f0zead9vnfvtspakm94ggj4sq5gwt003asn07
85,194595705,component_rdx1cpwp8k2c3kmfq0xmv5tcyu06gaa3q8mfnlxy2xsjqql6quhmlm74vf
86,194717041,component_rdx1cz3p66dnkfszmkjynylfmtfq03w68f6dzglarcpdexlc6keu226yv3
87,195424037,component_rdx1crnfqevawr6jdxwcxycl8jcy6mdn7uvhetfrak95hdh757y0szpv6x
88,196055100,component_rdx1cryaph2rkdzfxxe65fq3xx56c6xmmsefepv4cgggz8yp9kp6t57sxh
89,197144649,component_rdx1cz0p0a7j8gtmvdv0fsfqte9fkxc5kr73ag7gp7ldle8gfdwpn3wx0s
90,196424269,component_rdx1czynhg6ccrku0jy9s5amth4tcjuukl6vzaxxns2ae4ndmfj02kec2f
91,196702969,component_rdx1cqajnu4lxl40udg5rtvck5mt7ek0p6lc6edv4g3n57538qj0wwjsrw
92,197193685,component_rdx1cpxusaqqu4t88fr4grqlm7s3pt59ymzmu32f0g5zuvzne2chv9cp8d
93,197223396,component_rdx1cqp5j0zrcmkrkg429ehsmtfeqzfjwd7p6kj0mkx0kcmxcfugsayrj9
94,198008954,component_rdx1cqz09hypalyqjgr0gwwahc8cndmjewnu3eyfev8a4y0knn8ttghm2u
95,199032136,component_rdx1cz8a8pmzyvcmer0uhjdg6r82l0yzgssvsexxmvqyf5mrlcy7x4g33t
96,199123856,component_rdx1cznvkdstmmuh5ckqssg8szmefgnqh5tt5zzf60rxnuwq8xd8v5hfkf
97,199287834,component_rdx1crp2x3g0jyhtg0r3a6whsh38v6wn8nmknv3lx3378y3klnfth7mhqc
98,199535812,component_rdx1crv33y8zs2exprjh4cw7zj30tpmm5nfrrams248p4ukws4yn5alltg
99,200345749,component_rdx1czjxnuw6zyc9tjsehu25tmrsm44zpea82pn2ll3gqeldxkxmkxt0yd
100,200457374,component_rdx1cp97hsv66at2ma086zatxwlfja85zuqdfzqsm68hj0mz689vatc0f4
101,200586581,component_rdx1cqdj8slq3hm345sac550lsqy9eq6v5vkc9fumxcfte7rv0alp2vqsh
102,201036151,component_rdx1cr4y8v6ttzezzqp6d5vtkr3tnxrezh3ntlcvj7wen989cyrqkv8la9
103,201226946,component_rdx1czeg84r9zhrfepwnrehcc4fc0rsz8dnhylg3hq9unwk6j64dyhdeh4
104,201587450,component_rdx1cq0mszaq55zmqc7age9x83ecasgdzse4y4skxrgr3mxgx9vythpf6p
105,202006196,component_rdx1crynlcy7yjr3jmkkwyhahezkwvxhscpgvknhw5necluqfjwp3qr65r
106,202491579,component_rdx1crswa5f46dd905tsud2rxzg4hk5hjvzgtakr5aj98rkcanehhfs3a4
107,202939746,component_rdx1crurhh75kxehv3d6ya20hedtwf73cuc04vl0fr5vsasx8jqgcv623e
108,203252620,component_rdx1cpsltye8lycwr6v5k742a0k03wu74xqpl5r9yx90a5nhzkf5e0f2pw
109,203252068,component_rdx1czceqyy93zrmed4camaxw39vdum4m6q44w55wcystht0rn8quznul4
110,203357438,component_rdx1czrjh2fgyawwunm3qzkhktgvs546nqpse82a5m0hlzp4dzjj3zwzu0
111,203688128,component_rdx1cz6cc2pxg8v7teclrwnwm0yn2k7hm9m0kpy2u3dphwps0ccv695qkl
112,205778474,component_rdx1czpk68muw7phkjm9h7vf5a7mn3kznukead43vthwjppk2nnag9hxya
113,205892708,component_rdx1cplfjs2005xvpfxvcm2ddchgupuaav6mznav4ymgamskfk2pfa3vm4
114,205909725,component_rdx1cqu9jwzvsph2fp2q6mphf9gs5sncsxxr9t0a8a9xf76mtpezl2uw2l
115,206293496,component_rdx1cpkyrcrz8nm4fclhsyy4xxk5mcfy20yh2mr5xc85jkxrcj9gl5fzzh
116,207083998,component_rdx1cp2fqga7r5s4trfcfdtq025thpv0stcet7jn8gps8ksspmq6z377g8
117,207858749,component_rdx1cryk46nfe0drlxgkh9gfppvluzy4zjuuqehzu4ldtxz0wdl8zu0med
118,207940097,component_rdx1crcrhktzmcmyml4dluufz8we80de39saxf09sfqfk4dat7wreyr6k4
119,209003880,component_rdx1cqqyz7hg6wdaut40efqhq9ajqv4m0g8uuzylvmtre77xfzwtufhg05
120,212882732,component_rdx1crfawtndwcxsuu45d5vs2ss8g8zq9zzdqr79gc9s4js00fnszcrxgz
121,209468087,component_rdx1czharvlfag0gg078vk93wpkclnn2zwnqt00cztxxc8aaktausv46wu
122,209641192,component_rdx1cpf4m9em67w5frwhdymccy2pxd0dp6w7kxrfwh0tnmzh5kffq5xl9l
123,210195260,component_rdx1cpc6tphwwdn6uxdd9fj30xyeadg2qn2c7ml3q7dc2qqfpjkdhmt0ur
124,210557973,component_rdx1cq7jsvtc37urvq33rlw39tge40lwxpzjfjq0wlwv4vm5zrqle4jng4
125,212557649,component_rdx1cqgunu9ylqy8t6rjtf7t0npxh7vz862t025avsha2v976v64vccdqy
126,212567159,component_rdx1cp7q5lck9zg7cxejee9h7vxw6dzua02ut84ruvw8srlq028n5t8j28
127,213305643,component_rdx1cz6rhact2gnkr0uw8m8yfnt07xyg3w6syehntz76f8etuw753pny5c
128,231746701,component_rdx1crwxh4ch3gn6j654pmxes3tfrgrtanp2nuajys2qyk8t4g3syvr9vw
129,231745611,component_rdx1cq8st7658xu3mvnzpldx7plazh5ewtqq8au4ryzrl7799r0e2ktlmd
130,231750323,component_rdx1cpn74mkaqp0pzz0vj0rce6fdrv3cu6z3ucyrskh2zcvamg5rz8uvee
131,232167140,component_rdx1cr60jhtzu2js04hshqzpp3lvw5qvgswsxsl7latravpmy3fjz8mvh9
132,232264896,component_rdx1cprueuqur5ggjvl5zzmxgrl55l0a7cfh958ak5e4u9t95eh9xm86v5
133,233055492,component_rdx1cz52mwzwm0vvxgxxzyd373ahwek60plh4nnd5972lxm082xcqlcadl
134,233296240,component_rdx1cqt0r506xnf5jgykzk5rxeuyl7n2xr5r9kjkg23ede34emv0swmcz4
135,233383769,component_rdx1cpf25n4av2lut2xup9j2y5p6rqjh04r5ksnl0cxdt5r6wcqj3zmw2e
136,234030661,component_rdx1cpuufhurf7gu093s5txxy7usmlv4sepv2ydp5ekz567ndscywycu9p
137,239149807,component_rdx1cp34ge6ze4dff2fqnnstsf977a0zypajhuqz5yekwqp4y7y5z86j0y
138,238769442,component_rdx1cpqpz57rp3r7hc36kgyptk5u87ra2spvumwvylm9wz5wc2s697cwwv
139,239343178,component_rdx1czeussq3m27du8jd64hhqje8nmcqz6upy877kr5adl06quy5crrfnv
140,253559544,component_rdx1cp9jm2epcrhl3zy0mm6kq73lupvww26r523xyay23ajm3a7cxgamqv
141,256087293,component_rdx1czntxdz6yn6038z2rdslk8wgute7yfvyyz7srcpu9lnjy9chk6djfu
142,252536880,component_rdx1crkr7zl7whwlpfzrnlruxwd9796reqkye98hvfz9z02t4un4mzc304
143,269924203,component_rdx1cr2xmsm25552u3ehdrnh5tde0gjd4yty86tuaks5zr9n6cvp59dp5g
144,265563583,component_rdx1cqmg5fywzujq0yg4egl6r79ymgshyv4t685wx7th2qg22s4vkv7kmd
145,265654003,component_rdx1cztkyrleq4sjygndw5v3wl0vfcqcrjx7xtk6csa64x532mqrl26aq0
146,262754432,component_rdx1cz6s0ljgp7vdjrmlt28ufq4p63l6d6kfr4ne05ady43fsxzjtd77zx
147,262762512,component_rdx1cra4gq2c7r2gghgj0m8ud65ju7g0nw3k2khywj7culhdtntgheupa5
148,262821930,component_rdx1czua7702d0nej24pn2dfra3eplvh8l4phezrmykeuz3rdacxersxpr
149,259904633,component_rdx1cpyz8etkmygfuhjlsyy2lvet55xt4fzzrxxmen2zyqrpyjupney6ed
150,269194038,component_rdx1cps7hp7rjeplay4fmp79zmptzsuv9kj0s9gy8hhq6zhtpxndfttngn
151,260509570,component_rdx1cp89pntyhdl2ca6nt7lwjhtm34496js07fm0nlzrufyl7jj2p7hsns
152,272257707,component_rdx1cqnem4xvh3gpvahtv3axq2n4alvll3x8uxqyhl8k2ad9x0qelfllfk
153,280530165,component_rdx1cq8rd438yf9a38rerxzk3y2suhptell8kmavl3738x4z58y6rfpygs
154,280790341,component_rdx1cru5pmxvrcfat5ggz0947whmecrwzamcqv8p43cgn8h3zm095nssrj
155,281886884,component_rdx1cqwh6fr0mlqp4dfjawsrcv2c7fwnm02avxlgkfasgtrkcdkmhnkfea
156,282158319,component_rdx1cr7pvukem6vcq6vgtd3kef4xc774z3nsyes6jefd4028e9dyd3nt2v
157,292845260,component_rdx1cqyxgersl8r5hhtr5e2tg7rmwcya2nwwdt5vthtptzjmpf6xwaeal3
158,292369618,component_rdx1crt95wzm78egd5lcajwl4p3zpplxjlwct54640vs2tlk3649ktdcjl
159,286539583,component_rdx1cpxad6nzfhxmtsf8jfzj8tlsyn6ewfdc6jcny22n2ekz60g35v7xvy
160,286575797,component_rdx1cp76f0ydxx47zvde9t802j3p7rxje7l0rmwgeqenvah7sprne9l3sq
161,286863488,component_rdx1cq9nxpatvu4wc280kcgp8y6pt782rs3csptenmhvgcmq3dqqt2j5yf
162,286879461,component_rdx1cqmzscgl4yy4yyytzay8vnwws79fs53j3rx3m26qv9mfp4sd3vz9le
163,287046925,component_rdx1cq50s8w7m8af2wl4s7s45jwtjdnc6wcvcayahj2mav72njgvpz08x3
164,288748932,component_rdx1cph8fxr9yys7syxqxear5vdrmm0fhrvgt3x9se9hh77fxqh6gy9y52
165,290196755,component_rdx1cq82ug3acg26qkk07jx766cyejf7r8wz6kkkjpqg84hgrm89fjxd7c
166,291286812,component_rdx1cr7sgrryxudt7ys67hxxrx63w7pe292qkaq3zfmqakmxxd245vp6pu
167,294378681,component_rdx1cq6902ash6hulr9yk0mwxheh9emlhge822622vtu8ef0xk63w2452t
168,305556567,component_rdx1cpckxu4lka2mnymc3phnf62lvl5vynleswhmjf2kytdlczqwnu63a2
169,309692861,component_rdx1cpxp099dswswfr9lneq248yd7jz7a3uhuz864ta8uvjyyz6nmslyez
170,311750195,component_rdx1cqj67ws32a3da3gz9hvw2enkc8cmjz9azhqvdvmzltc2wdx0d974ap
171,311750649,component_rdx1cz8hzc82rrnn23ttxxhc80n54mp9jj2gtymkgdlpexktc00pgxeys6
172,313124086,component_rdx1czmwuh3umlmz0cppq2wzqq62rfeyd83lrgud4pe00yy5zjjcyygxg3
173,313500734,component_rdx1crkquqs63ezx0w44zwet6zhshtmadm02zecln94v2qua9q5g54993e
174,313792303,component_rdx1cp9j3yx885k5j332ytjjyfru2fefgunu33fmxuklzfheslywwanqjx
175,314565014,component_rdx1cp0e3uulz0usnr00dammrwxfujwf0rzy7v6249mcsjhy95twv4hjzj
176,314758495,component_rdx1czwtq2vk25kq9x9397wqvz0l539cc35chv4jj8fdd0y8yc78w6xrj3
177,314804740,component_rdx1crn9cv80efamhyjc5esruyfu5v0jyawufgsss8s97qqpkwm2g2vkp4
178,315710923,component_rdx1cq5r5amwfsy7jh97yg2acq58mrzsl2suwycp3jags95xmpps8h99lh
179,320540730,component_rdx1crgkannr8sdlw889tc2yyvvjzkaz4lda3l39dq5td66yh9e3g2z5j4
180,331621927,component_rdx1cq9rk9fptaq5xqktxs009rwtjl69rqfyq44uznhvchh9zcxlzwfp75
181,331792705,component_rdx1crn9dvxt92a2u6zmkln5hgt7f09fz78c07df7zehhlgwcad82f3yva
182,333076470,component_rdx1cpgae28ctk9cmx29fjupewlw3tafc7vhfjrm25x9lgev999eppyzmt
183,335506917,component_rdx1cpm7y24sads6rdtzss0gm63dk2zzzjf2ka0nmfujmwn78r9l9xhjgr
184,336312741,component_rdx1cp30wjl8sujh60pjj350y49cgdjn83t4qhxjl39jpyw2627lv337ze
185,336648091,component_rdx1cpg0z2z0w8qjzfrw3gsrnf7wfqqfsv35hnw5yd6mr3clt6klvlxr62
186,339641922,component_rdx1crwrdstsjf660l7gq95lk26fzv57qe9lncgkqunyh8qfgttacj2k83
187,156906510,component_rdx1cz3hshxnq6v7lk3h8h89kght4elvhmjfpylq52stvargt3k4wj9268
188,156942370,component_rdx1cz0smpvrufj4333ns378mwltye089v9ttjzyqma5czftdwzfqmpj05
189,157103485,component_rdx1czl6nufm029mjlk2xtplkhn2hh7sfgvfg2f86ra7fv8jw63g4zr2np
190,157242709,component_rdx1czdwgs227tt9dgyzdzdrdu2fwndmvc4v0e0fk3rafk50kh4qpk8p86
191,157673951,component_rdx1crvqn5paqlr5pjpcg68n25fyu7fhnjjrt3yn9kx6wwu8lhq3ajhchd
192,234531364,component_rdx1czekk26wzv8wtxd3c3t64cq972v0zj90cg3suyz7t4jfnnjvp9nzj9
193,235639533,component_rdx1cr352m2gmq27u3r6653tmqkj98c33fc54vuz9fq8zw7rnpy0553yke
194,241414357,component_rdx1cphw3la0efdpcdjmnz47n8cdxvrehp0slf0petp56na773wx3p20ug
195,241928496,component_rdx1crrfauysqcdazxp0jr0vf8wnlywudq2klqqpfhhtws8ppgtjrn5fax
196,243437563,component_rdx1cr6mc0ts77c3yh2nx7270d4hfrwr2jlh7n5s9qxl9sfqtzj48s9pn4
197,243528698,component_rdx1cp4yh6262m4t8w8harv02l796pjz3va88y9pmah7ngf9flmkycuycn
198,243866494,component_rdx1czfhu0u09f6m9crka0f9n3rw4lgf9uzznf8pmy3uaay3qgg2yf5aqw
199,244112886,component_rdx1cq9smws9jslpcw5m98dek9pmtnqxdjtcg5e6g5jxvczhdwvr07qjyx
200,244166244,component_rdx1cq6jkaku3zf0tes3zdyxytqhmey0lv30j7nc9pzw7dyf62s5p8alvf
201,258897519,component_rdx1cr5f2tj9xy24zuznsngw2s7w6qzd2uz4537pfp5t23gq4hefa98ny4
202,259111447,component_rdx1cz8mvtan9yy0ehnu02muqqud5rq8q97kvuaswsuwkpkue30yacdgye
203,259122377,component_rdx1czaezyqmduvhws4dmf6v5a8zqaddyj5hg5drpfwq0vudxkavdxlvlf
204,175823354,component_rdx1cz5r2h2eqr438km7cquyxadhv48slu45a0cn4200cgcjm8dwpkxtlc
205,204527613,component_rdx1cra7mnz5eu72c3t5cq3qe7hp8efcuqwaqwupj047am25utv7eqneag
206,207336363,component_rdx1cqk8jdk8u6evcxejmltvwc9l2dv9q6t5jqlpeqe55hgxxpfswgqj4d
207,213655350,component_rdx1cz2ft9l7x8re6psvjlq33xwvur268f237vysdlkhzyn2rgtldwuhql
208,213910510,component_rdx1cpk7ah76ml5uzgetuvqhtkvaehntfd6fx34fh5dry7x602y97y2hul
209,214969500,component_rdx1cpxzsjay0gg6m6lhvgzzfnf0wgusnwcps6wmf9n28wz2r079nrnvq2
210,215352022,component_rdx1crh8a3dmdhqvq0lz9e6wp87gskn28hf62dzr5cn7melmz7kl9gh82l
211,215710332,component_rdx1cpthpg5cqz9q7crylm7ce44v3g9mzf7mxqtv3m76u9cdnd5d66fvqd
212,216352685,component_rdx1cq47cjnaw0etxlfltqpqp699udjghkzjqpuedhmlezz5rr2hzxv7g3
213,219764649,component_rdx1crjk5s2943dmnakrjgnyuu7wpk2uz3jcsgppr7gdwum5j5rddsalhy
214,217651252,component_rdx1czlajxm39g7adca4yxc5wfg7c86yndxzgaejjhn3mdrt052fqp5qdu
215,218192631,component_rdx1cz3au56uarxpvf23293uqchmcz5zk5z6ptgtx3j3f6y0l8nzwy9e6l
216,219011019,component_rdx1cqrplwramzsexnglfp0q8mnn2zjl0x908dg5pevpgcm0sqswmtrfzy
217,220361355,component_rdx1czcm8hf7098gexsspp47v20p8lg44j7fwfdwmxckr0fy6yfvqqvx5s
218,220530206,component_rdx1cphqc4fumx6h8m36rcwf8ckdy3z4acpglgqkm452nm4950k0sy0vn7
219,222397389,component_rdx1cplc95d53gcyrf9deet74he3v8eaen9ey7jvqw74x2ujhyx90tdxgj
220,222514933,component_rdx1cr3yt56snvsz7vf9hus9fza5ulfds3mf5e56dvdqmltnefulxk2zqt
221,223087742,component_rdx1cq2xka3q8cr62wfc9zfa9h8tea35k4nsxh03v65l6pcj2ny8vlsdf3
222,225528516,component_rdx1czh0cqnwaq4kse6qepwzdc2f909zfyf49h05f6rlydlslr5km0sgtc
223,224131911,component_rdx1cpan88303x8vqjsjvz0a3jsqlm4lws7dy5f96hh382xegvzxrsf3l4
224,224700849,component_rdx1cqeht79v42dt9hgda7yfh2e8uyn0nvwvcxz49fhh20mny7k0tkx449
225,226122494,component_rdx1cza5062jmnsm07rsnszj3vhhwmvq8zzpjcsa35j3ccxnjd6hhgunvj
226,227532142,component_rdx1czx6j4tqp3x3cjef278qp5yagg3mjnkn5uu5m2q7a7j5vfkdk4v3rf
227,227561197,component_rdx1crdp8lm5azvlmt4wg4eug57z7vwy2q9yh6f59aawctue5u35ndalh7
228,252570821,component_rdx1czvqzqkg7lxnu77258f50nw6r9a32zpsl5ar2gw0kzlcwukcja8nvu
229,250252693,component_rdx1cp3ajxlx78ucdjz4a7tty7v3ny2gdgvgl6hr9d565ufmjkapurmat7
230,254427190,component_rdx1czgu5r3mrlxxjlze55xvs5hwhzen7pyqcxpmaxqn9xjjar8rs75u65
231,242850464,component_rdx1czdpye390c48q6eq3l48fj5cv626psehcq5vtquja8a5y8ztphpks0
232,248944025,component_rdx1cr9rxfgrhnk360jzxlwzwx83nrluut92ccv0zj5h26vfrzlwx8qpa4
233,255456719,component_rdx1cr7h9gadhns6u8e2ecz9auuqy4zxnvgm3yzd4mxzg3c782mkawh4zv
234,257044074,component_rdx1cpuxmh8vch3wu8qwc5pgmk7eyev3y9x4ql4hl348crrj9p4409twx0
235,256125919,component_rdx1crjactcufq3n2sqwpe77tkhpcc8wymxp70v5nly85j3lc9vzr23up6
236,252951631,component_rdx1cze2069mhs44hfx9wp78up9z33nfrq5ddwslexgc54p5rxdvmnrcxx
237,247989092,component_rdx1cpmsfwjrnc0swpxw63m0jj3vu7vrqhcr6s0m7dj6d5gzdgwkl9ahdp
238,256439158,component_rdx1crycapwpjkhcepmkq3f72kmsfflpjrqmna4pqyu66v03fvlv7eq8ev
239,250922960,component_rdx1cpqdttpkplgtl4ffxe3yazjrmk564gcau7sjd6tk7efdl83wz0l9y9
240,255348830,component_rdx1czn7flcj6jpm8lrxr8z5ltfcz665hwg79vu5gtm734x8nv53slkcz4
241,252324665,component_rdx1cpkjl8yumrjphwfs3ng7rd8gp5q0s23u9u5ggcge68tpyvre7utx0m
242,264854189,component_rdx1czm68mwtatu7kv2tl3rcaar2ql6qzcg5nz905hfvd9vlgx2g3xfumz
243,263385620,component_rdx1czj46vhcp23kl8nlq43pgvkeku4lh42y2h5cwqcavmgvcfveqprwxq
244,268443343,component_rdx1cp9az26s4ue3r0wapuce7n98wlr0rmj6c7yy9yph53y6ucqqh9vgef
245,268443682,component_rdx1crz4petr0c2436ly36md7s3308vk25u9l6jqt7qw3t3e2qygk2p8hh
246,268448203,component_rdx1crzhnelsx58f0pe9ggghqj58nftyhdfy8827djdczxj9zlxq7zztah
247,268454428,component_rdx1czsneyfwaf2q7jcx74k000y0nvp6uewktfjlw3wx5gwm07tnul0lzr
248,268458159,component_rdx1crkymqtyevkwt4j2aq57ga3aex0hzcapd97v3n8rkhf6xqrh9u6cun
249,269286857,component_rdx1cpm9rhcle2lc7dh8wf39gq2cr32q6ngucq84xvnxujghgt34lq70lj
250,265214774,component_rdx1crhnjfn9wxadaletdjszu2x46c0qfy4ar4nth30ljfgu043ufp8zm3
251,268516969,component_rdx1cryhd4aazlchkr05ttufy8gk3xznhqnzvj5xq46ru4pq5c2atf0946
252,268519844,component_rdx1cqa2rzxca8cys4sqs4kkhvpj2xksu9cc2eet8542rldeyq94q9x7tj
253,268526366,component_rdx1cqsget59yrldreua8za4dau4a32plx65klltutu7v3zsa5w7qs2ws5
254,265336604,component_rdx1cq4jmcwsdgg35vxdyrwzyg0zyqeztulnfvpsnjhg4lfvx3t4jva3hn
255,268542956,component_rdx1cqxryalse3ppudnce4mnfjqqpqwkd9sjryp5sd2fplydwsrulcs8ny
256,272201689,component_rdx1cqyekudy4nu6srg4927w5uaq2rv6hmgkl0juhp9seuwp22pkfccpxv
257,279260829,component_rdx1cq02snjzqm27yqd2c94ulm624c6mx0quag6rzfdqte47ft2s2k6pzk
258,276833470,component_rdx1crueezvw054rnnc3xlh8lk02nu875q4n5pu4747fgme7hte08n20vh
259,279083252,component_rdx1cpcxdnu5p3q7j8r6qcnq9ftmjp6aqfx07tvp7vzw6mupt63g94saxh
260,274536688,component_rdx1czn058g846jwhytjw7p8nk7j2qpsgfq0p0l0x3dpmlq0kqpwfeyxgu
261,275108287,component_rdx1cr00a8rpwvxshqhprkclk0thf9j4wv97w593x5njdjm3tgzq39hjx6
262,275322849,component_rdx1czpcqlgzaexupvf476vamcyagcsls4839lkfl7u3l9m0deqah2rsyn
263,275443789,component_rdx1cqxe0pwv6we6jadrmefr4jy2ewq8gmyke8s3a50f9x2tljpfwkdnnz
264,277486308,component_rdx1cql8n6q6chpwmzwn0pag4w04ekc2rcur87jnlf6fw4j2kzhw7un3x3
265,276023081,component_rdx1crvjch6skl2k656ju2q0v640h3ya2knkdcg7yqxxja6cp8snl9ah4t
266,242838168,component_rdx1cz9k8razrg63txgs4dxkwktel48pgs07xkfk4ulxpea8slvu8vlet5
267,242892262,component_rdx1cr3x8sny00pqtmapall2jecj0snjufemzhtghaq5s2v8wedjcme4hc
268,243161753,component_rdx1cqu3lz2ypz9x7dgsqnhuk5cw3rkcl5vk722gehxu2jwqm6ywmhug98
269,150537400,component_rdx1crtmxrhhyw9al43v3xq0wkqjunxm50u63at0unu4l9c90ul2yhlt9v
270,156824930,component_rdx1cp82x9j2xvagnrpkqec7kz9wras7v5kmh0dq0nk4zxuyzn20xp7hrt
271,154369119,component_rdx1cqdavj07ccjyn5pzw3k3z38cvx466u5lemlr0nz79s27x8n0ujv3gs
272,154518355,component_rdx1cq50hvqvszp8w0rjejkvfdjuhc7w4m3x2z5c36dygfgju4v3sd22ag
273,154521975,component_rdx1cqxrz8gnpzfa5lrvls0creegnqqte49p4qs43m8mztpcsgpfrf0m5p
274,154567947,component_rdx1cpzqcfgq32gaet97ld7nephtptttgqhvrelkp86nyy4aw69829mzuw
275,154652484,component_rdx1cqn4npvlyjyr95r64qjexlznk4veytn5p8ytnkn424cufewvl5n5hm
276,157879731,component_rdx1crq65kfl0sdn40n56l93k6s5jxlhnn2cxskv2d0t4dx6nh75en2yu4
277,156792981,component_rdx1cqveu5hjjx23jlhmv9fsp865vt7z0j9lv7ykvd4e7jvkg8xurvqpes
278,156172331,component_rdx1czs4a9qrwlut0dprcvjxa6a2kg2vupugmrd4meh9vvyag44g5dtz0w
279,156799205,component_rdx1cz5hc8ndar8j9hf3udqnxznschmjyucxqzqkmd7x2wrxvsafknmqxm
280,156530435,component_rdx1cqkenu93sy5dpmk28pmpk47frt0qepf6hlk0myc3s07rf799ye3u9s
281,156790983,component_rdx1crr76sgms757d40pvrpc9j80pepp2mnceggygkcymctummz4aww7jt
282,156792672,component_rdx1cqm5zanjltaw8j89dtvy08alzsa8c5dajn4uqld20y6jpdaj5xc6fl
283,156792741,component_rdx1crdsgkf4h6npg0ryyyckd68c8sga27vfq392ey736mxkfhasa75qhz
284,156762888,component_rdx1cpct8a2wlkscpn0lxnrc6w0n2n5xtq4a775z9ahl2tm6ksvc4fewwf
285,156795300,component_rdx1crqs30ed7zrpzezsrh279yd72c3kucwztt90fjhkf9aftf6tfm90nd
286,156802746,component_rdx1cr39ycwr2ndcwenkwk2h9lxf40x48r6paqd7lukcdm2p605a73vdu6
287,156791802,component_rdx1czat8cz9r5s5ss692t04wp2ckycy6xxah77amxhc7n8z87zn62mswg
288,156792052,component_rdx1cz9ykp5a8ts95eqhwhaaxcdck3adzwzlcj9ueh4c4y8e3c750lxxdd
289,156792355,component_rdx1crgcvjyjkhk4283x2uuemu6ecn420cf9hl74caad0r82jmjqclm4gz
290,156792385,component_rdx1cqhhrsckfzgmcwchlu730wc5pvdp65l6q740cav59elv6mkf03ttmd
291,156793988,component_rdx1cpa39nqwtgy5s3r5s78rjdn42eng244t9exrjx9yqfy3sznx9hg0vk
292,156794233,component_rdx1cqfpujxc8ksw969j7vzj3lwkxr89m4d0t24duaxgynhyxw3vhckg5h
293,156793426,component_rdx1cr4sym5ml68sllphfjnj960wtmeqar2stppj82fdh8uaknvmrmxlus
294,156797620,component_rdx1cpr2cvdc9jyv4qpwt07sf8e8f7rxdrt08rk4c9mncx03anma5qwffy
295,156797833,component_rdx1cr9lgmspayjtku2ehuszhzw4c8d7w8amppll6qul9uuupggyagzg6e
296,156797937,component_rdx1czv7sprulvklpfhkh7aw6xeqqnc4utp7l4xt4zl7xm6khxlweyc87s
297,156798482,component_rdx1czs6f459zgwfkhv89w3jyz6lgc6tfu274hrfk9nnvg5eqkxj9l48p2
298,156799058,component_rdx1cqrnqlc5h8uhx0uurtkcjhwxr49e3qv8hpu66y59j584cckk59jvyw
299,156794235,component_rdx1crqkykrttffs6dd3x83zpvwt7853k9jdg5z8dxz0yu4zy0v7t4y2ql
300,156795725,component_rdx1cqjnt4c2f6zcldna7e8nqw4u0yj6k9p0xvyv27ht24f4h9dk70a6l2
301,156796933,component_rdx1crr5c4stlad3kqcystcsvt8e25xe9wca2e8ygygn2rsm0pu30x8k85
302,156796949,component_rdx1cztjsczqa6wu6q5wfvkg3qldfdz279cmk5x5ce0wjdrntt95j7v9sl
303,156797366,component_rdx1czuvhxnq87lghvlemcuy78zkehuqtg4g74ex3gwc68xksen076vs7d
304,156799676,component_rdx1cqd9q4h2tx9ajkc5mtxf396kll7ektv9gr3mwc7l8mc2wju0kcx6ju
305,156799702,component_rdx1cq6f8fjq6tk89h8yqsyceejp0fylgf3kexth5dr3k076jzhe3lvzd5
306,156818554,component_rdx1czfla70ew90mlx2lhaw0hn9v7e2wfqlt7ghtc9edzautpc3ufpmqd2
307,156829778,component_rdx1czqta4zru429qw2z330tjvcp4fqzaxm9p2m22fu7k906dstg55fqut
308,156830311,component_rdx1cqejxsg6y3mpsdpe4rd50dcnay9nt6qg3n9trxhfansxzktwzxxj6l
309,156805411,component_rdx1cqnkvdjrafxn70ae96zwwn0exzpy5ug0ngy8vpehaums2tu6fmxfmp
310,156823773,component_rdx1cpqyruzvjqphrts3hy09fsw7tjeup7s3rhx9l7yt4wkw74a9jtxshy
311,156823935,component_rdx1crj6ne5dlz86fn4yj4g4gw7h443m798qu3pkjduj5t8p5tvc2td3ct
312,156808464,component_rdx1cztrlnfcezap2zmlpeq7zyhwlz6s7rkg84tp9gf4n3gcm96hw3vwj3
313,156810726,component_rdx1crd9d4twd3j5mhvyh2y3aflry9l040nqvkpx9ec7vl4uqutgn2cqt3
314,156811169,component_rdx1crqg6jhy9atp9jpzky42tg8jemc4q355x9uja2xn0vk2lf36t8pd6n
315,156811318,component_rdx1crmch0rzg9mafkm2xyfvqpas996npwr3d4rw58xvyhuvy432p2a76p
316,156812951,component_rdx1crxnt93hyg4ns4r77pdkmvnmnrdlfdrxvr0xx3ufn0dcwf094hzz0x
317,156805688,component_rdx1cp2fjgr9x4gqrm63x2zke2cxlsw2r8r64qu9hk80r8ynps4naam4kq
318,156816636,component_rdx1cqmv0pu2pmqv0qcwu9rs2trkry54qls50mkq7geg7l8a5p437y4jdv
319,156821478,component_rdx1cp64ghekf8saar3jzg2et8w9kmrvw576cch2qc3rl8fmy5uc9uwg8s
320,156821774,component_rdx1crc2v7thmq0g7n6uayw8mu899gfhspejyfdh5kddfewlz59ma6m2de
321,156822360,component_rdx1czjrlehp8vc59ufr8akd4pfm2tqywmldmhymtt9rfqmy0z49aq75ey
322,156824539,component_rdx1crc5tsq3aj6988wwnax46vhp748v8rlrgjsejr9mygpsg5zthuzapj
323,156824722,component_rdx1czej9s52walxlu369exsmkptnkrpd8s5889f8zvxvfs7cs3e599svn
324,157972475,component_rdx1cqdwh8ylxj7vmx8puxu0k2xjanretlx5v06kdxs8g7xus0e87pana4
325,156823957,component_rdx1crzte95fy457h2tvpa7jmkv58tdff75s442r3wxn7rrmyrfmqle2dw
326,156824416,component_rdx1cp9xgnjnewrx5209c58e4mlyu2vwh72qxmhq4ytscumh4zmtlrzt7v
327,156827325,component_rdx1crdnn0dyaprha6700km5gxnt5ktvjqd3yjt8mxn00lyuxkd46vmrzp
328,156831735,component_rdx1czal744v4mfsnmkm9xrtj6hnzyy8nhv85kqzu8fp6fq9e9jpucdxwk
329,156835359,component_rdx1cpwupwnk9dqw7rpmcyz5vh9dr7ygkk9l5vfss66r87l34c6vkpdfmd
330,156838305,component_rdx1crdzsl27w22s72y36xuhptf9xuy6hcwezmy3lq3075yaqpqqnuy4jz
331,156825082,component_rdx1cpfxsu3dul4rlwegep8lsl6ut4nxsfehq45xkjnqqt2rf5atpzzq5j
332,156829331,component_rdx1czwjn3zmm7yw722fjl056k5v5rgmc9p00vf2j2rsl44x0fljh46kyq
333,156832828,component_rdx1czksy6awhgar8g7vd4sgjh4s0mdtvvw22qj50vlll3nthjhwzyhatt
334,156838957,component_rdx1cq2l4ga748rajqdj795vk37kx4rxrj9lqpa7mqy73kmsqe7phrd6mw
335,156849251,component_rdx1cq9zzs6dtc3h4yd7nwvvrpf24u33tadm2g8mf7j6nfrsue7d3h7rmp
336,156830416,component_rdx1cppt3dccfrnaym2f6s8yvm3x4lqgscz5r4lvt5vz99cdw4uda7uvhl
337,156830585,component_rdx1czyymfu6y5gau2yuuz457f4ruvlkqxjujk76auy0dt4wlwl5ym8rst
338,156833694,component_rdx1czeyk593uja4d4an0w98h29xavnjwq7d047uu7gftjarsqxwaje8jf
339,156843333,component_rdx1crv8p3590mfp3jrn88htuvwf547jlssqm3tea8ky6fnpewejqck4wl
340,156844494,component_rdx1crl9tm5njl2jtv2e8pchcgu08ywvt6je89zn5343l8e6druedj66f3
341,156845304,component_rdx1cq2az4cse9acyegtqarq6qt0z2dxrw9r6rpk6qqx8kfltxgenhpe3h
342,156840847,component_rdx1cpw5lqz836lxjqh0runphxxvdkkct4v2ffkzsz0hcexmvxcejf2xt0
343,156848153,component_rdx1cpa2y93ylxm59hc24cf082slrvmxjynyjne0pr5ajjpvc6jj2pfxul
344,156858268,component_rdx1cp4m0kcve333qa84m734zvhkygqva83yknhdmarxccgxq3h64nq327
345,156860003,component_rdx1cqk42yw293m4g6we3dyr8ax39q99rtpzezveuut3clrqlyype40eta
346,156853514,component_rdx1cz8tpgpxp6xyg3atrrmes8793s49jkcp9my6f75aqeyhj3jdnfj74a
347,156853823,component_rdx1cz5vhmqx84shkwvrka6rqell5pwa9v0a9jksn8y8wcdzr2507zec29
348,156856310,component_rdx1crqcrlwfz6k04qgu8v5tnqqnsyhzs2qgvzzgufa5xs9rsn685q0vh4
349,156863713,component_rdx1cqyrs5qp3ap4z2g2ezexcnfmpwwfwgvndzkgnrk0778h0ndlfpgnjd
350,156871935,component_rdx1cp9kky6rp3jxlq7kd3n9zgwu8yu9u6trj2fj205uq4xq4sn2r0lgrm
351,156849424,component_rdx1cqpt3659xdvd3v9075peadrxj96rcfx3sjuf8gxsp32yd4p887zr50
352,156854512,component_rdx1czzuq999f70p6sxl4a9dk6n389f2w6g2ymff9zczwxzx9lwnhynzen
353,156861425,component_rdx1czmj3nzk2837tywrsqaq05cg455fjfw7wg6vs6mqvv04q529nsmyk5
354,156867502,component_rdx1cpluc8k2vkays47ek28venj067htvux88d3f8at9wypwfzh44mug8c
355,156868880,component_rdx1cp78ye2aa3ss2xmfzv0dcctmcud37h9479ymyh02qphyv95suu26cx
356,156868997,component_rdx1cqvnddza082lfza8l6pmdhevxfs9f0lt6drgnchrdau9692tn46tgg
357,156879669,component_rdx1cr7gmhtuz963lfw0s2e2apyer79yn9wz9dram92qtpxr80fmfank3a
358,156881633,component_rdx1cpm4p02h4l483qc8jmxlw4xc8vavc46g0egmncjmds0r90lmztcm57
359,156884338,component_rdx1cqsfmvzvz0rqgrxznhccy8eel0wjanax9cnywfx6n70pavfqshxdn2
360,156870331,component_rdx1czfuvye0lmsddhmpahukgekqyd8epv7wjkn9mhpsydzyhvs8ythgdv
361,156878168,component_rdx1cpr5vsznug0m07sppy8xr6jtr56gtfltr3etf9j5txpk6cfs3st2v9
362,156887105,component_rdx1cz5gaatqgv7rjd0alvhxrvflt8v4s8prged9vvg4txq2mzlu595c0s
363,295631782,component_rdx1cq2frltnu2c6zcg8zm4gshc7mfr5k7dg2xesqrlfn02uv09y6k48pq
364,295945786,component_rdx1cqr3tuumghsant4nhyaxcrap9aj29ahezw2sqk9tctyprn5nrm4ljh
365,301220509,component_rdx1cqdnxyn8q0euvj0w9rezaf7haacd7qd3jyzeuuhwt6dc3jp6hjlmge
366,296415051,component_rdx1cz3eg0u0va4vqvexc0rjwyttg6rsjm0ch3584zx37m46amlnrnhm54
367,297521122,component_rdx1cqf0e0a3c8lfuset6cpls8uw87xa9q4vhvvrp4j878gqvfz2mlwkx0
368,298011871,component_rdx1cpdea27g8gdr8qsvqejktk0h5r7ekz9e6q0e5kh7cyhgrvqjuwgtr2
369,299442990,component_rdx1cpk32e6hl5r7t3djwz23mf9epgla78ja3ahygng9yljkvgau5e98fw
370,299980676,component_rdx1crcnqepq7r9p4mx35cuvm8v37dqujftykm4pxu6dwfujv95ttg6heu
371,302494025,component_rdx1cp6du7c3u5tlngz7pgjtht73l6pynhnguh2nv9a6u7hdvmwepcpg8v
372,303587893,component_rdx1cqzgrqc6rz59u0mn4qzwc3mnhmmjnpgxxtavtv5h55qfd9894re5xr
373,304349409,component_rdx1czqzfv0gz92uzjn636ywhdnfjf6trlyq67mnmvh950v6uqgs8tv59k
374,304966993,component_rdx1cre2v5jme88spnen9dgvrl320yqkgm0rj5mqy5pnvwjp0nsm9s0d4c
375,318576080,component_rdx1cphw00mjvu5hnrnxdf24e7uuzjlkk40kn5ugh0u7gwx98j2ljhwjrg
376,321919606,component_rdx1cqc56vh6mtgfmmn2u0f2lm50mnjlk5tkf8cygejdcwp9y83zwnf4lu
377,322553190,component_rdx1cp2fqjcru8wjyue6h09esczfzytey536ymswxr0jdt0ps6yve92ke5
378,323575073,component_rdx1cz3sfxq7vhczvdct5euucaz4zzdfhz9dz89pheg2tkacgvrdeaq293
379,325451390,component_rdx1cqag4xaxdcr8af2v39jut49lyx87q2ycf82mflxtzvv28rh264j9tv
380,325993631,component_rdx1cpj9s4hghq4vr6ghr3q3qpfajgrymnyahvpkxy5vam85zuf0ayauav
381,325996297,component_rdx1cp0clkv50qfkcyxvdrkxrsjwzgzkth9k08t0gmflar5yht0kuhh4ys
382,326091100,component_rdx1czp3guj30nr60hf3fzwdk65mh246ym8wej2ng6g4el3c9pdnqqx5mg
383,326684602,component_rdx1cp05nu34plgz2rmwu62k68ffpug6pk58anfd3l23srdzk93tlpvlk4
384,327435009,component_rdx1cpdjt5hpw00s8a798erq62hh430u0ee0ee2pa83m2yr96x7ycqpcdu
385,327517717,component_rdx1cq2d5sqr74utqj7n3vwx2frd2mp3765lavfzwxpm8tvn7hum0ccdq7
386,327690051,component_rdx1cr7d9509cj7gkeswk44hy2df2t4nhvunl2ckyjfq0jyft7lf3ya2af
387,327896947,component_rdx1cr6efuc7cp447mpm6fxwf9n6exnlkc8wanl8v4awvpj8wmezk7cd6e
388,328218694,component_rdx1czrmty5fznmrnpdgvcmkefx7hpwlm9tr6w4v0qmfau7mg6ncck4f2p
389,328664516,component_rdx1czkck8q6c2j804uae9s0zxq7k4fjyk37pf2erfuef02d6wl0q47vsm
390,328892534,component_rdx1cpxmxhff06ru93kepqskq5rgqvvu4qhddjsjw8lz5lqlpce0jd3nly
391,347050391,component_rdx1czs802x3neu8ql6g470w656u3mvpjswhjqdtpu88mu7pes7ey87hul
392,340500520,component_rdx1crnxc5g5sx46sxakhq36mgdpnyzx56up4tw4qk43fms3sv8ees22a4
393,345614018,component_rdx1crpavdyr3mkc8e83t7jsvuzj97mm99p765h9pf465jvrszmvghkhyk
394,344676847,component_rdx1cqj9yhqcuzcejarm5thr0dk0dwz7t474xepvz4au6jtjrk94pt0wzc
395,344678376,component_rdx1crztceecvz7cf87f2py3ase56zxe2j8x0w5erlc6p57g3jhh2wz7jg
396,341636098,component_rdx1cqh9rtaykvu0w8f6t789s6y7cquv6xsuf2aknlyhsyq74kretvz9xr
397,346911734,component_rdx1cpphykzeq6ulg8za4zylqwuzfhs4ptcxxgf3u8pph3h93z5p4s67t2
398,341974721,component_rdx1cz57hjdxpcky3h707afvn2y5kx0nshj80ggtll5gs4323r56ytg2yj
399,347292916,component_rdx1cpqqmz5hsth5va29w0p9uvtg5k8yv9afdheg94k2dg3caf5d7ukh2d
400,348306775,component_rdx1crawpxtsafhssvkvx6nd55u7s8x6z073hru9ulkesucw9e8zans7n7
401,348402377,component_rdx1crdt0x32p4k6nw5lwys3aw7k4uvtynytdywps90mesv63lju2gm994
402,348699226,component_rdx1cq5lgnkzmh8p6skdauxczr20mkssp5lae5rru2pjls69mjcs44x463
403,349511037,component_rdx1crgutg2qnadt62rz0cerqajdtgx7xxwawv63mtu3t5czfeefefgsdx
404,350168461,component_rdx1cpghhhzytuxa5554q72v9dma6endcwhcplajwvmk7xetjp3sxdne8k
405,350639419,component_rdx1crzqdyu5n8vjdzkxa3lrr2njefsa3ptudjy3v46nvwa872tetxzf69
406,350710289,component_rdx1cpadgm8l39qh5epd764008wruhnhdzz9xdjra8hansz6053wrruvtg
407,351222005,component_rdx1crg9ckz45p30fqpjj0q79fd8rw5wwpllgy3cmr3zf83lk7xujfamsl
408,352070100,component_rdx1cqpzr20zvkxnveeq2r0aydf9krdtkxecqfm6r0lkaezef0kfpr03qr
409,352194793,component_rdx1cr7f077qrhmf6f2avu4s7mpvy8f8hdfrsyd7clg2edywwayqx3x9px
410,352228519,component_rdx1czpqxh0eqcgyu36ypk653v0xanxvuedxy7c08x6sqleecwdhvuduft
411,352745656,component_rdx1cqdnjy3mmxhp02xfdl52qce6k4tuwxwpwvwmfr8mtzq3y6edch3h4l
412,354010143,component_rdx1czf439ht2hcdh2gt2lsg4wzhwp0r5j6gqjrlnqhwfulkpq3ljasfvm
413,354033283,component_rdx1crdcac64qxxmtcazxua9ne04yp5rhvcqxr2zxlxt6mvt9tvpld36jc
414,354251248,component_rdx1cr4nu394gdw45n95xlwg4mnx0t2gg944raap8h8m70chvzkvug34tt
415,164393882,component_rdx1cphkmerw86km5vf97gtnssfuymmtvnt75fesyc5wn45kw55fhwwg05
416,166473041,component_rdx1cqfdqjt74pnnd7kvzkzfrt850wpcsggnj83n94jygqzspk862z845q
417,243652361,component_rdx1czmxwz6ha28dyr904j2aypdn7xz0z6lr5enh9s5y2rkqkdctt5flw5
418,244896112,component_rdx1crlj0glpys0046wnyfqtsdrnwcshs3drw3u3490amasr5tqqkux7xj
419,245104740,component_rdx1cqddtwyv87m577wrpy2nnc93sgfggkclfxetc68xepx5j5xlrw3u0a
420,245389074,component_rdx1cpjk4l3r78zc9fv04any3t4l4tyx92mns0cxregejy6rt2qkwncun2
421,245852968,component_rdx1cp959xdstxyh7sc5nv705hsv4l2w3cwm58h63ckzc9wuy4urrc9y4a
422,257318179,component_rdx1cpnkdpj6zwdausp0cv85z0a80garaqpwwujstdr2e0suvj30zwl4y4
423,257364461,component_rdx1cpkfsrm7c8fztrrn49fszk4tmynswek8sk00jn47608x986jyzn5yv
424,261512569,component_rdx1cqhpzy43fu2vjmvn49880a9gg6hp2g4wgcempyyssw8wftsxl44e58
425,261875509,component_rdx1cpu220qkkgemdg2uua8rxt7xvg0qrz28ts6suk7d5705gzfj04klqq
426,150546287,component_rdx1cza5vjt5gdj4yu76gxtdxlyl9lssrr8spacjvn8r4rexr3m7s35swn
427,150664563,component_rdx1cpmkuv0cejws8erfhnnkh4e4qkdy0l407mxvea2v2x4ptwmk88k83q
428,151281178,component_rdx1czmje9emy449umhwf98t4z6qxgg4l7s74h0xsvesws7xrdpcm3hzuq
429,151346086,component_rdx1cr8c4vdutv8utdxemykkjlp96pljg95s0fkamw4843ut54rc8egt6l
430,157474078,component_rdx1czrz9vjsmsznuctc9r3ruqut6l9476pgl994w95jl2zew90vf289w0
431,157475783,component_rdx1cp4af89wff7vwu7tkq0gn8xcl02h4ls9wzxaafdvc4w639pns0dxgy
432,157487463,component_rdx1czx35kt667kztud3aadwnjctlkrske825nsp08ll6uswzlmjqx99zx
433,157558382,component_rdx1cr5a9syy9f9m3kv0cthm4s3kulthgcahtmgrahrlvpgdg6kktp6tac
434,157567243,component_rdx1cru6p7929acddgvrtfuyxphqpej0ktvft754hduxrj0u0dqu3zcdq2
435,157508376,component_rdx1crwc89mhjyzeetksk0l9zc03xe5vvw0f0pm34qupmaeynlskmqwlm6
436,157526824,component_rdx1czz64p388cehlwt3zdqn6r9w25j0p889642x7ae2j8gkjdehn3l3fl
437,157546662,component_rdx1cre36vnx9sa0v9rvde5qjhcvl666d4gm4dd56s798h2dzcek5zk2r8
438,157510281,component_rdx1crk49au88lxjdpevgz3uec43qwhnfsuqyrj579x6q02jynu2xvh0cd
439,157527955,component_rdx1cqely8yajnpcv9slg65n7smpt2lt2rzacsez4zj3jrud5zpw3ydqle
440,157588545,component_rdx1czxjxk6xw5z8h3ntt8gcvwsrahj06e0g2vuyau4k8fe3mg5gdx26e0
441,157575495,component_rdx1crr4rwca3xe65scc56d46c7t2xecfk935v6cfyjp8fp28ke5s6pxfl
442,157583805,component_rdx1cq0uf23h2pysxpurmxu3k9zakxmamveknss0c8e56gqutslvt8rnht
443,157598157,component_rdx1cpyujed0fjs9hrw6s06mazn2ejzzyhugl8nvhlq3kms0pftlulx4ql
444,157599108,component_rdx1czjl2j36q4l4ttdvua8rrcn8y4av4wny23dhp9pq8ev94refd57eee
445,157611079,component_rdx1cqjv9nkwyz40qcrktnvagcdev2tdl33ggf45qe0777t2nalhrh5syq
446,157641874,component_rdx1cq368c8f0x2wlewu9sjkr2syx8ar7gepdjnxf43j6m6y7fsydjk0g5
447,157710214,component_rdx1cqmf6awz2a3jlagqmcfrvntlmyhk84egrzudw49y2p6c3e0reyz595
448,157715611,component_rdx1cqxud9uctmyuktnggujqxuwq0cxspzwwq8746aycv0w63weyzqqc4s
449,157687837,component_rdx1cqdy0jf769xuz6rea9dwgw9nsts4yzwxt9q3rdup3c5xc8lel5vhjk
450,157695082,component_rdx1cpcxdlrpzdqvsxagr9ss0ww8fm8dz4lk072f6fxh7uzcc9fnl95kpw
451,157837581,component_rdx1cz7jpdzraggffvvvx0zpn9u5g59a9wdluy3rasskwwqne07sk4x3wc
452,158015214,component_rdx1cr2a4vuhmz33h3rnjgwkypwj2n88zs9yyc5k7jlkd6emnal0uemejn
453,157873606,component_rdx1crlp5hwe6ywksf6vn0ylnszycrd4smecayvxlqje8akm2pg80u3nms
454,158017812,component_rdx1czeh24sfukxrspc8nw6u9lqkqepjg3v0r7yt675u0827lhhkau5cgn
455,158754800,component_rdx1czsaylfdeke5uk5c5lgsqy3jruwcrs7nknjak2h92zghgqz2hgfd5j
456,158060624,component_rdx1cqys467vgqyus5kgukjckufcyghty0snk8ueuwynywt5e04jh3neff
457,158083423,component_rdx1cz6nkvh88v5efz5rm7df00rkcgv5d4peew2wxn68qgeekshxev87cr
458,158062722,component_rdx1czql6tfgllp9lq8hh69gqxus4qugxuxvsnpavc5gst53p0nk6k4d0n
459,158082913,component_rdx1cpka9h7wmf676kuhxd0y8fjqejycya9xzq9wzf8phx2rv5wqan0s28
460,161563447,component_rdx1crx0557ywkp0d0m75eghg70hp2887w57u2dyg8k76ndj4ptw2xfg5r
461,158230781,component_rdx1cz90va2d6r40h2t42al9dyv0369xanrpydaq8sfadwjjjalughfy9u
462,158245230,component_rdx1czfx83pns4tedy5lthz0hchqg6kdq9ek23an85dgtcn5rsrw3tu99v
463,161529725,component_rdx1cqvhaw0ynyvc7k89f36jvk40thvda858j235xsg5enhjyl7zwv89pz
464,161533193,component_rdx1cqx6jpv25jmxdz2k5n76gw77vg8azpfn88t3txt4fjy4mvclad9xk7
465,161587293,component_rdx1cz98dzm4rszttl6wtzgmlumj5ejmetp9dhw4r66ngzcfn30yl5klrw
466,158444878,component_rdx1crn4qz2p4t68h06qpf52l8ku7v0rwup5n5hpselj8plq86mdzajny3
467,158486585,component_rdx1czs4guz4y0v07lyu2yl228pu8j8nr8e8mre4tmk36w5azy74d4jm70
468,158497900,component_rdx1cz426nfv8zx9c0ld3aags9h3nupgv8kzh2e04t690ldfu9fw7720rc
469,158457390,component_rdx1cz6xw6v3khp00trflrmqyuz6rjwen26s84g4lj38j5xylssucjpnc4
470,158559220,component_rdx1cqe8v4kh7jd6zulhj6wslrmuaz2dfzf5mh600yum6nv68kvy7xh5ct
471,158617884,component_rdx1cqgrqwxs4apels5juj28vclzpta3vfdgu44mnqqjm55hu5zk7c7mst
472,158658865,component_rdx1cq93fx829j5qy69h3829ew3lf2uwr2vdrm4qgljn8zqjudr90hl5u6
473,158674511,component_rdx1crv7a0jf77h386h86x0af3m4dsz67rzdcx0usm2yhshqpz3x2negxh
474,158680243,component_rdx1cp88ufjwzlfx80d6vjv95xysyahfyurvl72zjjuvzxgufwezt585m8
475,158730919,component_rdx1crav28zfrje96skczwxfa9m4nz94u39cl5knr84dv0ct44ycufhj65
476,158752340,component_rdx1crcmxkvm8a5kdnvrpvecg6gkjprwlp4kc8da6t3qn9thrg30d0umf9
477,158749535,component_rdx1cqe3q0mkcwe4aqadws2m6ghkgketzpmsqc4r6flj92g2hk0g8c8nz4
478,158825660,component_rdx1cz5ylj6ydq767u8p5sdht0m5rvkcarwnflsmclq5gq2s49uz3ja9a6
479,158835579,component_rdx1cq86wpva0plxe38h6vh2u2nwf9xjkz99wvn4fpxle26yqwgyxwty53
480,158836208,component_rdx1cragrmmqxne3lzqa6emcpglc6c8fhmasfeltx2prq0ls7006p7tvjt
481,158783164,component_rdx1cpwj683sqkwhk4x73e4znrza7x7euqgx74f5euaqzf6se04z6wlxc8
482,158836482,component_rdx1cp79crherl694xkf68l0tvex5u7ttnunnzuspcp0hv53tarez5hmf5
483,158836559,component_rdx1crx0zqhf5q8u90mxp3y5ayzr8ptatvrx4vx6mn37k5ts4pze2ajgeu
484,158777360,component_rdx1cza8w0pnqt2ks248kt799dh5xh2lfcd0hdmxgggpvhmr7nxmx3rldq
485,158822919,component_rdx1cq5rg54vvkzsfwxwjquq8z0r068y7clm8xla092deflfna8uvqrprj
486,158861549,component_rdx1cp59f07u8ftrzlaeyr73kkz6h65fq4rde30ukferjz55qtncezl44p
487,158866212,component_rdx1czsmyak42ujhtykc22jyn96vhunmst7zha07duutpptqv380jyv069
488,158880044,component_rdx1cq79pgc6wtaq2huzqlpk3nxmacww27tyw6e5aq6uc0t8hukq866ae6
489,158902011,component_rdx1cpdup633zklmk23etqpj5xmq277t72a9ukfan002ck96lzynx02h0j
490,158864557,component_rdx1cqmdke8njq6nq76q703fxwkctynxqda6m6dpyadpyts20ghf0g42sn
491,158987625,component_rdx1crzq62465q0a0t2t0k9tsc4y2frq0gwdm8rqgg8whdnm7zqgd9mnha
492,158951654,component_rdx1cqvhhkasjfavrxjerhj4sdjh7hwks0zm77t3n79pfyd7wk70emedzr
493,159553927,component_rdx1cr7teyekgejc3t34rt8t5gc25xscs3feacn3qclsya4e7fq9wjjz8c
494,159029325,component_rdx1cq789nw7y5xea3zq5wf5wtlrz3qldmss0d8jdyclance4rh3qruw6n
495,159041315,component_rdx1cq5ush5uk2xjw97wd9lmxu5cux42zmtu43sscs9tv60ghx6sh0qgeg
496,159030346,component_rdx1cp38aqkxf9hka85c6qdkdnfdpvke635lrhsv2f5lq82j78mrzt20s6
497,159062362,component_rdx1cqztsrpttue2pn2wrx2lcvrmq7t52p63hck3cvwm20n9v7fm59k0at
498,159085366,component_rdx1cpy28frmwy5qql8f46dqnsuw2s27d29dw3u3phykgr9t8v6lxtuac3
499,159129323,component_rdx1crg5zeu0wnm5nh9lf67g0yctqqpzamwp7lxgkucss50yeuvdw9xawq
500,159135366,component_rdx1crp9rrm9g0w473nm2p0rfx7kg3uznw8jwkjs9p446hgy7ykt6xkfts
501,159140164,component_rdx1cpm4vtvn93fqwn5x8wrkaez82ykh404hdjqs403g7u4zh08qyp9y50
502,159166487,component_rdx1czd9w9dcxl25mudshr940slmd7x62l5ekmzawpmm98lydpz8h6arfs
503,159178349,component_rdx1cpk7yjssvw343wgu95aalzm00d0x2ruf2vhqtch6f53yl0dze08j47
504,159203041,component_rdx1crr3xsd0h043jlq5yrnxakr0s49wmppkh437zzuew6lddrjy6p2q3u
505,159198587,component_rdx1cqxwwznmeanq8lwzewjqtvykjxx8p0f8rw3nz27fx2lrc7kf9ndkvd
506,159621980,component_rdx1cqvg8e3szq9a979tvsladkhskfw97yt0yr8d84n5j7huxqmjjl7hnx
507,159316785,component_rdx1cpsedwvpakh5qts80q7gxcjej5sk4ugfvwyuaa8urus3wfps96g2ex
508,159304332,component_rdx1crra5lrm4z0lq8juq5d2y49gxtqaqhphwn0pevvd4mm34cy9v7ktxg
509,159382547,component_rdx1czt0g7x23x8jjjle6j02lqdymfc5vu9chwzph4qawasp9hhy7afjj2
510,159348896,component_rdx1cq9alfqwumhyn6s8cufelff8nqz6qth06lufepf7xvwutypc5p4wzg
511,159506728,component_rdx1cpdhry6f7ee7uykruc583jdcgwp5v9k2ju73dzyzgvlej5sl3l8eam
512,159515275,component_rdx1crvxz27wy5s5x8eu34uggr5nq2nj96m7sn4tjr4jty7yfet9w8xc5c
513,159833923,component_rdx1czj6n5h5ajd00tz2m2rj57leggxh68d9dmk60734q0lxlc8gh9l4wg
514,159659692,component_rdx1cp34vx4wjtlk2qnucxadeswdd26a7tdz9ce0hu88t9vevv6jux9zuj
515,159699928,component_rdx1cpgvdqzuanv92gc907vjnpzscdwzfqus6rhk32t9s74428wjzr3axj
516,159720094,component_rdx1cp29z4j7lef4j9caujdz934tl2d9n27luhtthf5u45cntvu7t8qq4m
517,159719067,component_rdx1czfha5swvmr3y2kv7ltf57n0yzmuggg0ry2z684r3p87944rh3z9t6
518,159722187,component_rdx1cqy359kwl00a5l6rgsqqykeqnx4txxsvh8028xfpf5hqsqm54hs2vn
519,159746431,component_rdx1cppy3ddpxwx73jnqj0ntjpr8pyd56f9xrud6uske24e5w2ugxrdae5
520,159769064,component_rdx1cpfh2emmhu0r4vznv4t97dl367w7jc3rut65f3x4l27tgrtx3knwq7
521,175820994,component_rdx1cq49l5x7sdzfzphlkcgjhpv9fkf8wrlvnuu2q0d7awhredlgd6xkym
522,175893536,component_rdx1cqnp9qzjrj6c3sphkas50jjyhz9zdexx7zuper6nmayjjvs4zqmdwg
523,175952581,component_rdx1cz8n297j58nhpg7d78ypv94mqdj4yft4kn62l3lj608l9uueyj8hzq
524,176154672,component_rdx1crrvexhvzmqryr2l3teaevps4sewaskuykeh3n062ewe3t9wddpjaq
525,177061828,component_rdx1cr2qlnueyx4s9ygr7rtxn2mehu08tgxrjpszqd2ahqfwhm3n2m6jj3
526,176241393,component_rdx1crdzlp9zdld0ny9hsmm57kxck6xhuxaxu68ltlrsgnu8pcyw8y0sqr
527,176297337,component_rdx1crfuxw9ndwugnkkhqeqfxudkuzqk4jvq75t02vkhgursdshfssqfa7
528,176449062,component_rdx1cz88tghxadxpjdr72zjcnuyrd9x3ztufkvpdpmed8a3fdlngzucg38
529,176568338,component_rdx1cz4u37nf6hecff7p57p8wejv82kl2g7eenlqds09zx3a4snx890qj0
530,176638652,component_rdx1crh58g42k57ysxle7jcqgstr8xhcv3x6zunjfc8lltyrvqsttzf6tg
531,179191283,component_rdx1cz6j9lk6yjkh6arx82x0eu94tcwujv056pyrydmucqdz3xtjyql0ur
532,178866376,component_rdx1czt2uz4ettl6zd90trz5zjneq5j70hk9uqndx85rlur87874gteq6t
533,179087407,component_rdx1crgjrjd6njh5cxc0ymrhet9j2fjv9s25wu2hj34tkl797h2rfv7xch
534,179522086,component_rdx1cz9vvc3dhcd3h038u000zav6kyu5rhgtyakg89d5y8l06anhafff7p
535,179674040,component_rdx1crz7amwawhsf2dp3s4y06xqrmza83hckt849rucnyccr2cnncljw4j
536,159793972,component_rdx1czk5j06cc5uwl3f3pxqgwk4t2gyu3ekw4xxju5mf2d8sjkvnvguqx3
537,159923007,component_rdx1crx2f06654qtf4mn2fr4qwevqut6zgkvkxnpv4xan9yr56nwqz8fwz
538,159978950,component_rdx1cz78arxpkj0f02k6gp7gzqnnm28ystcd3v3rvy54ve639vvv49w2yk
539,159980669,component_rdx1czquxc27u4tu6zmklyclt8hkn4dv8lwx68cqr46l9unufcrphj9puj
540,160052258,component_rdx1crqdn9pna56wph0re9cujtg6n9mm93gk3sp5xvegwd0cvtx3gc6jm5
541,160048668,component_rdx1cqw2lda5xxmk2e3mal5xakuh98ugmlcrgg53y3ujt8aefqncvzqny2
542,160076924,component_rdx1cz72a3gun6a2540d3f3tx4ffphq9yt79jxtap497azu302g3sujce6
543,160075324,component_rdx1crzanvvemrsv6yr28gkuhl7zkn3jk03xy266msqgtwzwm3apng2fxv
544,160084560,component_rdx1cpnm8lmmaewqmjm2cw36j8kkez5ugk0dh3cv5d88nhlzjshedcakc3
545,160083501,component_rdx1cq4rspmp85p5d2ezwqrn3fyk75tm43tfjwvs4j4gwx7xc5umk83y5z
546,160083771,component_rdx1cpu822jwj7tnsf34aw7tgqxzvnt6wpv5ymae45d772uwmu9ttjl5s7
547,160092350,component_rdx1cqt9ye9kzax7sd3janrk8uw8k4knmcgpv5fj33z52sjn2ldrwe9evf
548,160092886,component_rdx1czuy9te4ts36scnzea8j7rlv8xtlwhkkv7a76tx7l322ex9ew5g0qt
549,161726351,component_rdx1czfjnfpkhfg9h2peay24shlcm5zn640xfntjt6am522z2pq6kw7a2e
550,160169592,component_rdx1cqtd6l6f60a8guq2em2054c52z8u4uqzkarq7q9tvmyv5texwey88m
551,160168097,component_rdx1cr52982f4y9wzm4ztfke6eee3c99vuzrc48dlzu6jy4xpw88jd9xf0
552,161702406,component_rdx1crd4pxx570vqzp9fagzgdkkq3j2rmsnryzpuewcna2deke5vnhde63
553,161734362,component_rdx1cz89yrn57cvplapa5sahc3d4t5t7l5523s8233crdlpgrrju6fhz5u
554,160365443,component_rdx1czr4dr383drjl634r5nryw9xpqffr2332v773dj9kaqrdv3csqwdcj
555,160400646,component_rdx1cq4nlq26sxz3ghuct0uxu7j8s5k3nw4fxg8x0t4z3nx35msp0rhusn
556,160448890,component_rdx1cqpjxucze59z30lreprgu2rlgeqmu43cfsd53ms8yd2wvfln0qydmt
557,160601297,component_rdx1cpvxukq7jrjrdaytatjqkjek3fs5taandvq57xpnnqgur8lmv0gk8y
558,160688128,component_rdx1cpxqmxy2j47pvtttnmg7nky5wh75xd9hw8uzxnv74vuc5gec8w6mwz
559,160808164,component_rdx1czy53yzf73lkv5z0ne02xmwgzqy6u8tj6aqllmmlajhf6nl9wh9ddg
560,160888618,component_rdx1cper3eq4vyvl9zdfhh54w7a35gw9q6rcdrrqmzp9ngfne5ynuxl7h0
561,161741398,component_rdx1cr64vqy30rxfrdp6cd4qsl3f2hvmwhzwct4mgqlmekfumsmpqsyeuu
562,160910426,component_rdx1cz6l073fah0mdww4833r8tadg7mwvtd05pmwszjffxxt3ypfxsatwx
563,160924594,component_rdx1cqawqtgjp5sq6dm8lscgvk3z0gv5lqcs62urrv9kwy43ty7n605dsv
564,161009026,component_rdx1cqc06hjxrtatkd2gcqk7mwf8nrajld6825suzpun737yhhq08v888c
565,161028828,component_rdx1cqvz4grvxp53z9sg0r3se6utuf54nurwl9msp8zqe4tngypzc6zu57
566,161063712,component_rdx1crwcm3wd5adhkl7sk7mfnmf8xa7yza08s76y384g9n5l3v0hhp6vmt
567,161196157,component_rdx1cqct3m6ph2pdtue3gpxfdslnl5fvlq500pqvs2f9ky2phrn4409zfz
568,161771520,component_rdx1cz4cesgs5t7yqpp58vw6qyrxdsf6vggdtjlpa9h9ml4yp9v8e9j85w
569,161316309,component_rdx1cp3phstjdh9v405mu3apzwd2jw5qln8fwsg2lfw296yvl7vwhyew4l
570,161348206,component_rdx1cznughsma4qw29zkvyuhpcg2k5ckrlqa577l3g8yay9dmsz4pq2ykx
571,161343491,component_rdx1czrcw3jnfzpqxu2p0yngpxcm9atgrypz68x2h7s0jr0endwum4cqz7
572,161465258,component_rdx1cqf7r4xeyq2ed96scfhx3q696ulrwwdvhjh5vzqxluuea2uhnmega9
573,161792969,component_rdx1cqpzytp0nhhr8g28uvfxg5djae8xqzc2nsdhutmvrddz8fw09h3gxf
574,161515768,component_rdx1cqvlw8auvtv9q3v2a2079p06l8gkstf54dpsw694x9tmlvess9dne0
575,161808084,component_rdx1cqasp4e489ks5xaz4hmt0czm7ryaw2gcync833hrxtm7dzyrrgq0ep
576,161525995,component_rdx1czlftvndkvk70erss55nll0qgj3xzc3da0farmmp8u5u68vsxme2xa
577,161866738,component_rdx1cqr7t4uffscpn9ylrz5swhdeznkzm3g52hrxjsz8m2av22ckkdzx6q
578,161866158,component_rdx1czqv9e48qualp5hlmyyvk5h8wz4h0vnke6lr5ujtxf6g3lekyas3ty
579,161882149,component_rdx1cq60weuvgd7zfx4sstsles9n2q0a54muah93wkphljeg62grw0vtda
580,161867231,component_rdx1cprg4nzvfhgldr0hfljpw0gspqn3t0a223dp542zc8hwp2lp3652qa
581,161897385,component_rdx1cr6cg0ljf0782gfslxhvxvsau77prv2q24auh23hqlccspjmfulalx
582,161979075,component_rdx1crxpf3x68mz9zfsrrv4m6g82jkcckj2uudlpa6yctfwrvzscr9exs0
583,162034497,component_rdx1cqlau7lhls3n4a3lduj62cckxfyz9fmgu30yyknmm0v97vzmhxc8g5
584,161992628,component_rdx1crfwt08a2c26gvjnjamtluqk6q3ee8le5wsn9s9ylsce0fskme5ltu
585,161993812,component_rdx1cp9gjwnaqcxg6wvrme65h3qyjf0zh3yvj5yx4cghgv0vlt5y8suvrf
586,162035552,component_rdx1czexxn2cpdv5hgf8205t4gexdh79j2p4g4mqefpfjzgtufny5afwyh
587,162142978,component_rdx1czr9c6g3ra38dpcn6xjxfyakwuk7cna77007kqk78vnggyr379pnax
588,162117618,component_rdx1cqt0x6kcnknp8kkrwtemwmerd53fh02evs0rpkchf2k7zk7j0yhhh3
589,162069784,component_rdx1cp322gmekh3rvtpl9k36afve5k6j07xgw7f5p4azdxk5ns6sw0en56
590,162085923,component_rdx1czku7t058rh87ng3phmuhw8p72dn336ppjdwhxjn79yzkthq8w9gh3
591,162113558,component_rdx1cz5wx033ezljgef4r9a80ru962ve9dhq6r4fyw7jj84kj6xc20n42m
592,162134908,component_rdx1crsqngz7vesjvlz706rxdu027vzcjuk2qytqw4pqthe0685s72dku6
593,162182610,component_rdx1cpymfh9qmrs5ehspygw2nzr2hrs67pm74vep44wkl7h3spekqus487
594,162210108,component_rdx1cqa9jeh2ww76gdjn4e8vllta8e4e8nk382ekj3spv57zgl3260dj5c
595,162301236,component_rdx1cqwym4rwj9dfqdwrvqp9qg3qshxdu6m6xvntf05y24k97m652n95vr
596,162224369,component_rdx1cqz6q3222sf9jzvu2we9pl04ehf5gr0vzg48mqev2c7r2l55yc2ur6
597,162473359,component_rdx1crex0crwr7ad273u86v2qez8l2gleljjcgrpprp3sma67y0av0l2xp
598,162847124,component_rdx1czqnh33mf8hetcj6nj2j9x9nsny8mcah37fv6p890nczg00ahzrrcm
599,162736419,component_rdx1crqhlgfd5h9y7wtx58n900fwaj4fvmf5xnja6dlp5frdvp9rddptra
600,162778144,component_rdx1cq0ur0fslw2s8gdgqg04zmcea24x2dq4v03jeqmyc69kl525kmvctg
601,162951228,component_rdx1cpmjzatv07d0qr8u7f68jzwrxrx3pdwz7dcx6lp0msu5twl3avttwg
602,162913309,component_rdx1cqhzwmvtzayvdntgszx52zdsx0mj947l7p48v0k5tswgh7kealppr2
603,163034024,component_rdx1cpyu9650afszfqfu30sfpyjylqjt6anmjzyeseq0wlyh46xnp72es6
604,163211540,component_rdx1cp2kkczwc0a2ymvrywzmrmjy5cqsqx5h0xtgz05s7uy2ww8n3j3272
605,163259647,component_rdx1crrxymulkgxqp336gshk5za5ck9utqet3gxalt8uzae7wdkd0rphyg
606,163207701,component_rdx1cr4nde2klfsqst5zvn0s6ftm2al0kr34dj47ch3w5dxm0236gfsfd9
607,163252882,component_rdx1czk3ya5hgprk43au4ckmhxgks52svygwselpdr0smvkzam769xddlx
608,163270109,component_rdx1cpgvfg0e2xmylzls6g2wwgv7nm3jmkvpaf7twx4cnd8lkfgcfjhflp
609,163527517,component_rdx1cq0587jfvt4gnwma2dk9nt2v6k7zsvsp9kf43szsu925qj0427a9la
610,163550187,component_rdx1cqt46g9238uhkq3m3awmc3ft8h6cmmcetwnjpy7xf5vtzaz2dfmlmy
611,163616207,component_rdx1cqw33gsxgw5sj8srac62hpv278wz7ufgrm2jga3d09xywn0xep0w8u
612,163624302,component_rdx1cpw0x32da23va4zlas0r6npzrucwjech5n8sx3s3fygqljmj25d9j2
613,163616586,component_rdx1cppn4d4dhefkqngmz6a8ry30d202axvafxkanga7zujp52devq8yqg
614,163617769,component_rdx1cqacy26a3rmjjyn6fp8a64hxs62nvcffma0zd3srhy0prh0j4qwqek
615,171149647,component_rdx1cp2f4y2jrghetxd6kcw7zyh40dtpvdzvswqrp200ungesuayeyvh4v
616,171237151,component_rdx1cz7er7sqmhddc3n23xjj326sxn4ukklh2mjsl7qrcjxefzufw3cvdm
617,171253144,component_rdx1crphyyklxaktmshsfc3npqehzq2yzmdhjwqsykdquf5n40vr5gs7uu
618,171270843,component_rdx1cpdrk3e254us6m3g40lq0wcnqwftfvsrg7x2evuqpf4pmc4hzk62uy
619,171440238,component_rdx1cph0p6yh2hmkqqaj5ka8xc0s7rak0676k6yrdql63jvk9v9gsvyrh5
620,171422333,component_rdx1crq6jrgl2mu5uf9hu7jl6clxsc2070wewjrgp5wl2ascqy96vltg0t
621,171413387,component_rdx1crxvahvegxcc8dzasjmutne5r58vwpe7m2vltf4n8fpm09xndjtetg
622,171675533,component_rdx1cq50gjgqcyd44h896qvzh6eyn3t7wjz9vg8c95hcsgtjzc4k8s3s2g
623,171755967,component_rdx1cpech7dwkvcfhva8cdlcesgncdgwwqk64je4cyq5pkd4q8azdxnqnz
624,172805282,component_rdx1cq92zul5scrwpptpv47n8m9vvqfruswkfacqyczvrmgffv85303kvt
625,172808870,component_rdx1crpn5ykl4n3lskl9eqfwmntt0z7nlvskg267jmlpygjk07j79n546f
626,171862459,component_rdx1crl6p7sc4mhkwezwjghjrsmdjse6t3m7vwagqnjjeh09sclc9k0t0q
627,171874882,component_rdx1czm2ysh5mzjccpexemzp248nzv7726xvc8d7wx8evululsxhv9dtsj
628,172807763,component_rdx1cqr25adq76t0hucj5jqkx0e25fs7fwzxjtgz9ull8zyen078sgq3z2
629,172010371,component_rdx1cq6s4w69y6xkga8sjfpfnpw4xlrp659vy4dcka202893p7gncncgs6
630,172017843,component_rdx1cqnx9sxrkfpf7rmg0k574dp3lagyffclyufhqpw2353yxm4nss3l7l
631,172137806,component_rdx1cr5zy0uewu387g06lfw90ersme6hk0squyttmea9n6q6l3hs50mjal
632,172202685,component_rdx1cq489fessn36p4czry6jyyhz92t96e85xy6e6g7nu6gyp2wqs03922
633,172242295,component_rdx1cpp6c9u00a00vzwfwvquepusey2yyve35hx2p2kyqeldrn794ta023
634,172823429,component_rdx1cpnax07huepsf40ualrlyhx5t2slcpey37jpy42g7vxmc945zkftak
635,172302857,component_rdx1cqn8synaakjsd0n9qkj9jg4nm55fakz9aedxjk0wj865k99s5scrh2
636,173028261,component_rdx1cz8lpr3m0ghq8jf9rzmyps682s0z9qz0z0xkc9nkj0pkhzq29fngk4
637,172361262,component_rdx1cpg5dju283c999n97tzlqlrlt0hnkhq3av0t6tq983u4m0x8aa9rja
638,172511493,component_rdx1cqn3zhsu36w29rlalaypk5mhnk654lk6k7a4h65t4sd7uj9lnzvrtg
639,172595572,component_rdx1czlkkugl00xqe7aulje4cvwy4fffd24aqjtqmvz675uvd8cene0crl
640,172597912,component_rdx1cqvyjyutm9y4d2r8vekg345dgjsw9z2tyygapgell9cuxr2fz9hlgg
641,172726909,component_rdx1czflrupnhd73qjkx63p92anwueltp34f4tr9zww20cv3yq4jh0jwqs
642,172783597,component_rdx1czxc5yksh5xs3hg5spjrpqwt9mcqw8gvh03vxtjy5vk2q5dhlzyz2j
643,172804513,component_rdx1crgn8nrwdtnrdfgd4td3agx5qh3ky5l07m3f0qcn7wdhshq0elp05f
644,172829759,component_rdx1cremxxemqh3rlk0kg4xuy5ktjtzj6h5hepk2s809mnzjdtmnmxdf6q
645,172873246,component_rdx1cpgd6ejwfrhszwp4vurl5fs626wlthrxvtykatuqa2tj9mq8fvzfjj
646,172915022,component_rdx1czt0t7zga5nklxe60drtvuknzjs29cyljwjqqc2525g4qj5c77vt3v
647,172948095,component_rdx1crlc675792h4ywmmmxaqhmqx8fc8et40nw2rrcymqtnyly2jgjutn9
648,173001223,component_rdx1cqnr6qfknnk5r0mu9wpvsr9h5k4l4l6w9hr5tyewa6gpxt78cg89as
649,173026276,component_rdx1cqz3p2qdftlsdsaptlaagkhhjtaf2un627fhva0alxtpryuqhu2gts
650,173029950,component_rdx1cq5ursu7nyjyv9mvumk6g78362kge7tmucvmv3h6gf6kq3amsdlf9v
651,173047828,component_rdx1cz8zs5mnd9rmuyxdq0xls2ry6up6k9ksl0tn0hx5kxdcvljc07rhtu
652,173048442,component_rdx1czavx8pl8t3r0s26jp2h892e5eegys4kl9d4z8js5q7c5qvsuhpc0v
653,173060150,component_rdx1cqe3ldlh6ug7unlwsz0fsq4537x5djaxuamuvu43x6e5qzke6xvzhz
654,173082959,component_rdx1czgpa3mvxaulte8ccv32tp8l324kquv2w0udqv7a4f4h0djwr2mmq7
655,173140406,component_rdx1cqhan7ea6hq2fcpa4ucq6djc83hsum82vw7c3h9kujgy2e72n5weaz
656,173243675,component_rdx1cz954kh0st28sk0dv0a9fzxvpz0qjy29escm3secvd86xtm3jjg7al
657,173446204,component_rdx1czh9zxszm0vzwhhy8m27km6r7kx06w3s4wzmw9axvkmg7t3qgym0uf
658,173485040,component_rdx1czlqpqf3q3lfjhuzxs6m9dstt3jraux4h2ptcwjz3hh2v596nq0rwu
659,173544696,component_rdx1crpkj8z8vwvwex48yj5zxtuxaywrxn0f0ktrt5dmy3v545kay66ups
660,173592209,component_rdx1cqvc8sq7l9gnfkg9urcwuz3tp93v76ymsf7z5qvjwdg8st93fq9sh8
661,173612908,component_rdx1cqy2975gc9elyzmcnp0wveyaaseqj64hka383ku6g22z4wwll03cza
662,173677337,component_rdx1czxj8t4j5xakdl3smkqlt7y5ums4cyf5arg4epv60e084npl7eswqr
663,173677835,component_rdx1cpkqu4j3gywyrcq2gkw5jrhc4cdf76p4vajfhspejqf6awc3ze5k3d
664,173736133,component_rdx1cpfp472r73kynr29jmvs74ph6695ey2x4g87qxqjnr8sv77thtjch2
665,173721003,component_rdx1cpcdwqc2drva89kf96duuf9f2v6suzqzz4yndatjk30fj24mxpr78h
666,173757955,component_rdx1crxqtu8ywq02jjgmvq33szmtafw5fv65stwhv4shrlvy6qhevlq8yg
667,173828571,component_rdx1cqkpgr0rs0zh9qr3wh8j22l37lm0whvm9ythkex3whdfg3r9u04l3p
668,174041742,component_rdx1czq9dw73t0na4nysr3v0e7v4cfhd2ka9zfgx5r44yhk4f074x0w3x8
669,174077267,component_rdx1czqwf336xntkjuwlsgcvy30d6mx8wucu8qrfuzpsxv2grp3knpllqt
670,174229326,component_rdx1czvk5tcxx0angd49urxlc2mkd4udkqnve6cmteajk6egr59dflgzer
671,174453671,component_rdx1cr2ke445yrgc48qddadn7pzgqhzz4530xlyk8s8ef224qcgr83xx9z
672,175786736,component_rdx1czprecskqnmm8qtxelwtkfy3y2uc7t52uxvdemyzwh58ww3hagajjq
673,174696095,component_rdx1cr8j3x43rt0rd7xzvse7qpr54vpah5qkra5uq6ht76zljdtqml2pfd
674,174720681,component_rdx1cpr562nn7483rejj3ffkltgn8cxk7r6dxsvhjx84d2zmsj2ytm5fap
675,175082001,component_rdx1cpeppvpyeyjplzash8am9syq2u6tl32shnjz499n0f80zjk5u2lggy
676,175243784,component_rdx1cq4mq7r5wsednpnadtstq0726nxwchkl4xfrxj9tuntg2wher5arar
677,175288229,component_rdx1czczmxxu5qgpe3fgmjcdcvuadsgq8vpwv264lt2a5ucgce6a3v4vav
678,177004408,component_rdx1cqvqjfmzh7rg2znajncl3332mp7cdx3my4607sl66d6r7nmqrpjqyj
679,177028005,component_rdx1cpxsty7vtxykgl0kq3u4m7w8z2dfdacdhcvmf06kagzr7kcjtj4ydf
680,177089249,component_rdx1cpuz8qcn9uwwfk50pjcncevak650cqducf3jzv39savls2k83lqawr
681,177114914,component_rdx1crrqwmvkk3436hg9vt7uuas6y57vka760jdg0gtedvl2r7ltz5krae
682,177110197,component_rdx1cp8m0g3v24x30zu0k6ygdfpqektrds46x2xuzyt6qf0qfk7qalkfkt
683,177164892,component_rdx1cpa63sf04c6pd0eqzn9juen5q8pyxd0afj2kx6qe9k4h6a0ux6e9g0
684,177205614,component_rdx1cplr36sj8az58mepv30yefg9ky7cp2ags4q3jhf8vlpvhwagzkq3la
685,177218738,component_rdx1cp6h0ssey5arjclljwxlp6uttenu7ztaw2a6hlvpz90nr8p9xn3w73
686,177315530,component_rdx1cq0zex3y8pyqaar9fwzspzkknj3tfjck0pyjlf6yfqnr3ulfgqp97s
687,177375932,component_rdx1cz9qdvrcmjr98z297zqc8k3ylmged4mvu6hh3l44633h86g80g03t7
688,177599063,component_rdx1crh0gr5jmjvgx0axvcz3ca55rvcmqkdl4ucm5k8fk4udqkzklz4mxh
689,177628549,component_rdx1cqmp9u3w4q3e9he9ke8dkautttv6dvgn5dnk3vw08zw4hyfw4x9ssg
690,177808089,component_rdx1cz6c9lk9qfft8f3f9rgxke7pzx5tnrjlnx277ls7ff8tqp0gwszkjw
691,177933396,component_rdx1crwkj5exem0wj6xfj56rx8whfycfaen6n3wn5t5dfw02wlrnq6ynma
692,178004225,component_rdx1cptr2rgeqw55k6c9ax3j4s5t5ucdntpuqsw75j8srt6qm8er36p2n0
693,177998345,component_rdx1cp5khgs7y83nvr3ahch8w5gqnjm4t8vkzpkjaxfae7fk34dfh8q576
694,178089217,component_rdx1cqc672gu0xdez6jlqf62txfllwnx2vsd3mdrk4avmxgvat5uxh6e06
695,178131309,component_rdx1cqmnyhn4tazwhn4c9gftud62c2zk4lw8yrunyc6wzmemfa5nsgmmqe
696,178147243,component_rdx1cr6z2gcsulyz5jvhmzkjjwjjgw3zhjsxxvttwprwuwygm989axwjmg
697,178194232,component_rdx1cr22glntq2rm2ewwtfr0cz4gx0tvyqggx0v02gauznt7rfaq3rtw54
698,179474608,component_rdx1cp0t4vv5rn22nlj8yy2gq2p5vjfyvn8znl6vhkzntrvrsae0zjx7fj
699,178301140,component_rdx1czzp0hrzram3ad542tpvr9eaxcmsu28nuvhd62vgfz2nag568td0qk
700,156889599,component_rdx1cz3jk8f3tz4wuerkjzvxp62h485mk9gptxx8hj5xn57act27hpgerx
701,156896459,component_rdx1crdz0a3r9j9urfr2vuazngvdvh75cyssn8ejxpnuvhenqssvsupdt7
702,156892764,component_rdx1cpdarc67hxevqffep57ksqvve60jre82xnjfrr9x47nvl4myj2sj2a
703,156904602,component_rdx1czskcax5s62pulcmrdq4vlkemzqdtluhuy270m2hm927093vnt7hr7
704,156906048,component_rdx1czgmjy5rmtf4tdazjjje8tzry399p0ryd47c76dcm28mt3x6nl04q0
705,156911296,component_rdx1czmkz9jufk047lqf3hcsgyxgxc6wn7rc5uzqvrkwhqwdjhem0vs4uc
706,156890931,component_rdx1cz7q3h56gex99xkdd2s67e0eqqak5dfc8ps6889h8tvu5w6ds26nlw
707,156891833,component_rdx1cqw8p9pahpympppe2v87uh7cy0qwjw7prr7ax3208rqs9gxmvsrsg2
708,156899758,component_rdx1cpu8czex45yu3senh6u4mxqrgu4am0jmnlnme0typwqmx3e6aq8fjg
709,156900104,component_rdx1cq02dya605d6y4w6zlz82kcdcqsx66hx6w0zel4nwvxk7l9jxzxl92
710,156900170,component_rdx1cqjfd6gqwfkm3hav3t6v095h7mwwc3chf57u0hl669m4xm7mx4000h
711,156906504,component_rdx1cqgpfykkyt8jxqqcgldx5hzzfuyeuwc68mewcg305dnvw9gc7ygdfs
712,156911475,component_rdx1cpmx787mdvg2yzftjrsn4q54t2m3vwn4d7u5kfl70z6c46kptpmqps
713,156914905,component_rdx1crl86hnsp0udfwrqezgh0ef5tgn9gj89rw59ff8t6lqtzv7dpx2f8n
714,156916555,component_rdx1cqxgt284xadgj50kdrfdq8vrf34yn6n9695dlmj8hlzll0he4xazwe
715,156921994,component_rdx1crc5q8ekflag84080mrxfhmyxgvx7f4tu82fp9cg45nxjnk2gxcn2g
716,156910158,component_rdx1cqsn23e7wrsy6wfr4e3c507el564vu0h4uqj3dvky5p2gttexnjlln
717,156912680,component_rdx1crs4pd6wehfklrt2x69v57g39mvpn59kry6qw5ajkjden3rsn8wk68
718,156926932,component_rdx1cqscd8erf2ukpceyrn9vq55vheem8ug8vnk7x5fwv2vmfydjw6wfld
719,156937592,component_rdx1cpw6hvusyle9z6kj30peck77zdt7grlm98wa22ztsz2j5tsws82h58
720,156928372,component_rdx1cr24whkygugna5426przqnk53vujl4dvv4552fuwx077j3v7jfm3xh
721,156935173,component_rdx1czspu2r2rqr3fxq8nlyluv0ec4redha7m4dlp6hrpcgezdm53gzg9w
722,156937171,component_rdx1cp3c2kyk0smkg9qxguww6y6rkck3gfaumpfqlawqtx9ky626shcfvv
723,156941163,component_rdx1cpcltm3f78ptqvpyy20ek7shqa08tjk64rgn6hsxm2g76xuz2xtgvc
724,156922251,component_rdx1czzj3z57hf7rxa6xpp7qq5ju005nfdfvpz6r5rhlgj9vpkcqfludqt
725,156933095,component_rdx1czy83twrmp6mvv836h002xrcqv4qtpxcruhtjua0769hcgw4ccscvw
726,156935985,component_rdx1cpllkrl7wn9angvyav8hts7asgnrkh0u5nu49yqfrnfa02cqvkh09d
727,156946017,component_rdx1cp80zuuk7fjdqhxwrf94pcjnw58cuws2r8jt37vpqyq8lf3g4mvqp5
728,156949201,component_rdx1cpg36glyprysrmywlpqekru7swqe4cym7m77784dcdsjp9kyl0k5my
729,156967470,component_rdx1crlcmlrgy52xs574j2w5nhdvt05qva3vykqdwyryh6tuctqjs5zrgh
730,156962665,component_rdx1cpjh6j2fd3pmd07c6w24fzy3ft9t4vplvpsyt3x3fc7g574htqmuy6
731,156982341,component_rdx1cpm6x4c943m9cqf0t0v292mzmk8mm4llwluqctld6yx54a5ujk8xdy
732,156982445,component_rdx1cq2la20tl8y4v5pjgl7kjww0m2tkt809vn5ugw9u8x8868ely2v9c4
733,156990179,component_rdx1cq758pmfr77nj3s95l8dc7f7uje9jwgpnq7xc9apzky7kaahz9a2mc
734,157007980,component_rdx1cpgrxtjnnd0k837l0hgwxw90y7ewutrjn3yxu9v49w8u5mug5n8eep
735,157001669,component_rdx1crmexlvdm8nvzv58fq77ds96mzna88qekhm7cqgcvjugg6jxl79tnz
736,157003349,component_rdx1crwe9037w6pmrl5g4rtn23dd0uwu9vrcplktr4e27s98r2dhhs5l0s
737,157017803,component_rdx1cpjra958rmwcmp4c6wqcscx7gde3870v7qjv6nv84433c3jewypn6q
738,157014433,component_rdx1crzl4cgfd6q622g7lj6nyt6v8gpg9gxel03s8fffqv7vw3ajcqvfp3
739,157035905,component_rdx1cqcgma5zqyg8l42h24x07c2jfv4hf6r07dqu56cvhsmamae8pfh6jq
740,157030620,component_rdx1cquvxsesle9f9adg02h0gm85agzewxanz8sgyyy3ypa0tq03w7tja3
741,157034017,component_rdx1czs2mrwcekcz4jv0ug4udxr2y3c2nw2fasy4mc9n9udcdxnzdvrqql
742,157062760,component_rdx1czag3ahf9jq8s9z2h4rcf8f0hh8h8lf9f29r8yh9fqmp5m5l2xa723
743,157086771,component_rdx1cz6vwyfnpxt3a4w0pqfc678h3t8p4urez2p8ypfalzaqm6us2qzrsr
744,157087186,component_rdx1cqeadhxt9gp8zt6x96yp462trfqmk43uydj6guwkhpjju3k9428p8r
745,157053279,component_rdx1cz3gwcy0z4xa3x4npjpz7hw8cmydwj58zuwe3fee558xgh058ljl97
746,157051823,component_rdx1cptugadyv5s0y4lju4065nv2c6hzpugap3df776mm7dkklya65qkl0
747,157064869,component_rdx1czlumxsdguxcvckhm95aggduj7vehr69nr7c6jcwtwpqfqa8jhn7nn
748,157075781,component_rdx1cz3uf28dygaervuvfqck8vhlzj092gh9m52r3z4x93tc4gla0dqhax
749,157078786,component_rdx1czxvldy4u42uv7lk8v3x95mhv6qe8tfmlhk8jjpqpyyf4824gf6vac
750,157078806,component_rdx1cpfhvawdmzp8vvwttlyrcwctv6xlmlxl2j7s8t4akqvesql3s0fd9e
751,157082221,component_rdx1cq0cxy0p2ueg6qvn6r8cqlcp0fr8s48j0k4unfxu0vxpr0hxnqc9q2
752,157094853,component_rdx1czmg0fluk8ese3y3uepcac0jw779pede06wur9hr0sk7ygkg6f6xvp
753,157095478,component_rdx1cz6dewldjrlqnyc8z2ff90wfd7mweq0gvngn0st8mf7w6eshkq2sc8
754,157090156,component_rdx1cr2jxuyyqmzae8yfync6xkyn06mevnqlkt30a3rwjksf4lanms6fe0
755,157099382,component_rdx1cz7fwqr0783r7cnsrmngfmkt854lgsaju25ny9t3sm5r8f5te2ymya
756,157097372,component_rdx1czzcvmw8gxlyq9fd0408hukjldtzcjhn9ch04qmxxss993vcldcltv
757,157097981,component_rdx1cprqr4dscusc3ae4m7x94m6elgktd7tu5m48xs6adkkm29r9klvhvs
758,157107094,component_rdx1cpyw9whew498puv8asv0wyzawm49nh7upjrk9fwe8x9gtjn0j82gfk
759,157137982,component_rdx1cz9tkzsult7dhckvzd9v6p58s9acw35wjm5e4t3w5fqy9c8kf8ujxl
760,157127657,component_rdx1crze7cnse6ynxd9eal7echdqcztdqvaagxgqskgqy7t4sd6435224g
761,157166009,component_rdx1cp9r0j5gzm25qg4np4r63fjaulsyzv6qyh6p8mnzzl3atlvzsn4knj
762,157201915,component_rdx1crjlzs6efjtzx3kezqtw0dysj303p5cd0mr7z623jkae2cxtxlv6ct
763,157208501,component_rdx1crlwgcdpxpvl0cpgu6hffug8a3njp4pmhmpxjfxr4qfm2r9wla3n78
764,157211636,component_rdx1cqqqsk9ecdm3408r3rtcuzfmxf2mtu9atrdk685x8lkxdka469mmhc
765,157158378,component_rdx1cpcs62yrqnwghalccpwq3jd5new5vwgn99f05fkuyc36g4t7cgpyvf
766,157163549,component_rdx1cq3n5030fpdwne0t0qzwcys842f8hr7huka45py5jcj26v6pdv5l54
767,157164868,component_rdx1cqye26l2enynl50xef4chmvvhvl05wqketpkfczss4d76hhw2m5mf8
768,157236140,component_rdx1cqddqgnyqn66k4xd9vlp477zvpk6ssgkdpe72d77wupfcmyy7cnamz
769,157316091,component_rdx1cqy3z3s2zlf7tkhjxjdaa9tqgs2waq06ynlkznqpdruhpxk5a0wtsu
770,157339021,component_rdx1cpagfh60hlvmqfz9x3ty2zljq6t0j5r7w4z9l9qwvdd6laskrfh24x
771,157315140,component_rdx1cqra6d90v6cz06rv48gw9l59hyz67hjqc3st9spls27zvz4lcxhvy4
772,157349471,component_rdx1czvxvw328ffmhjl8xd66kqk9gt6dm8vcew63y489r2asja7fh943l2
773,157348058,component_rdx1crpsajcg3lq0ced22rlfg5kzan72tmcx0jnjnj6mhrz3rt4chhmwvz
774,157348422,component_rdx1czqt2gty72z6mc3zy26ldc4w3saww2wwjq2ud0lj9nn526lkcszc64
775,157413130,component_rdx1cz7panwm6m7y9vmn6zc8p4eunf2f7zzfvhsuhrpgrzthyrk3jct4rw
776,157413138,component_rdx1czufay6du32tmc9433xrm7vanqn62pmlq7sw5ysaw3uvahuadq0cjv
777,157430701,component_rdx1czae60ncvwxg3kz9pzz46r24v53f2zs5kq93nmd3x34jlfshmrz979
778,157440527,component_rdx1crc5jgehfh82sttg4755sxr5d6xw7y7ax50en6hkmrjhfwzsvrgt0j
779,163814830,component_rdx1cpv558l69fxxzkctsw87pl6tmtglxscfv43nerlmgewgnn5h6zefrr
780,163810469,component_rdx1czk4l566ats4h8yjq2syfelhec3z2negv6skfz7q8jawx5e6algv5n
781,163888377,component_rdx1cpsvk96alha877qfz53x6dj0k89yt67r8429266svhl2cm3j6sndzt
782,163889367,component_rdx1cpy2djk5a48m47m4z948z6qutea4zhccwucv6zahvz04229v30lfvt
783,163939410,component_rdx1czhrywxa0uer7htv8qntyu5elhyx4j0lg63k8700sq3u6mw7x655dy
784,163899385,component_rdx1cr9rfgsls2msgwjfm9hlw5a2tg4e0q354m7uzyqwculjcldyrd6uhh
785,164016886,component_rdx1cq3usxmwy9tx4cal7yjqdht9ytkd84rk7snhlt0duagmj2jhngpqyk
786,164038742,component_rdx1crkf7f8k86a606uxsn0vf5xw5f93wgzxnaedmeylk9j5wlut4uzsch
787,164055615,component_rdx1cz7463lktgrw8uun2gyr4nzzhv549tczjyp7kwkkg5cw723vrctqxq
788,164080151,component_rdx1cpj3k6mcj0ddkg2pm2ejm8h7qpcsdn5djvh7882gyfccdyweufe6pr
789,164143787,component_rdx1czc7awmjhulxmqq9tyq0njtfru3dpxrhge6g53qn9usgsn6l9j3zmg
790,164151299,component_rdx1czapu5ccjhe46r8p4e8lzqeflnu2uh2chsf7e98mc27452jcunna7l
791,164123112,component_rdx1cp6rjuhkzvtefp46hsnwtsar2520cf2g4kkzmauz06kfmwnf9kgsd3
792,164212510,component_rdx1cpx648ynt9u4lvt47t8kgjue8wnez35eazdualsmwatr7v2sh2c6f8
793,164304743,component_rdx1czrshpzpc3p9h5ytshl9w2e5h8rszzqsgvgf2te4pzpcp727pn8uy5
794,164376988,component_rdx1crvt7sstnkgjhxx3dc8petw5qx7xvs2vkdpazar5kdj6h5eufscq7y
795,164345883,component_rdx1czpprq4h4a6ghltzxalke4me3w2encfe2vtnd4gpsl63kwjvv97zyl
796,164481377,component_rdx1crqmcsz7yzn66myw9n747g2ycmtzwn8s565jyuhw98dd6gg4mc49qh
797,164482722,component_rdx1cqj4wpw2yqmfxht7ds50lndm79k4vhawa4yet7sy0r8a0nuwa8sd40
798,164556684,component_rdx1cqzytmsnhpdasphykav6ae66mwzw964akrj267tnd4nsd2dkedywsf
799,164937312,component_rdx1crdjx444d4xq9ec3yerjk6dypwzrsktdhdhxsuu8tapl545643yz6p
800,164588604,component_rdx1cpsxm4gept7nmyxj6rf7zlh70g95qt7pcalxvtqc74cxpk0cptpsn9
801,164608423,component_rdx1cp0nxglr85cp5hdxwaas7gyq8yz8pekmzpr2wwah8e5eka34hwl5y3
802,164635409,component_rdx1cpafg36d6g0utyx90x0ruq3lmagetaw6nxdd2q4m82wjvd2ys5tfxe
803,165069266,component_rdx1cp9n7gya30tklyev8y9094gw22ja3a8evsd205055aad7jn3tasvwq
804,164760232,component_rdx1crv88kmpj7unu5aef53tzjkaznnx6027r7uldr6p9wmdllxttt3vc3
805,164916188,component_rdx1crwj8f6k7q90y2x9dndll0sr4h28p27wnsr0x84ysnxmgzqrx5w2ah
806,164926189,component_rdx1cp6pmnlvvjjd98ya2za0dkqsfqlqklf9ewh8c4t50sr3zap3ef44qh
807,164933295,component_rdx1czj0mujrlvl90zxu2pfgr967kg7a487te4u42yd2h6q54ylp2lngc9
808,164968927,component_rdx1cr2qj6h8za94darxmwcdwsqzrqfhxxxrxskexvj4yy95v50240qsnv
809,164966934,component_rdx1cqvm9lugacj3v7qvuklk8p2y693qs7e5pzege69nesge97ytm2uu8u
810,164994624,component_rdx1cqjgy3y8u3q2y3s86s5n34u6tczdtek0qgufum8prwx6cq4u69thzx
811,165107402,component_rdx1cz8txmv3243neuzx8mv3uvhdj97yu3xchgteajmmg30cvfyl9dxjdg
812,165162242,component_rdx1czl968qskzxnauf8yrj7n293kstn7aswrk7gphnw7cq764c4m4xafc
813,165191305,component_rdx1cpu9r2fvacgj22kletj507x5ckytzeurqezqshtcu7qkm96qz70f3z
814,165301922,component_rdx1cr76zx8gljvftra7tdmc6rmnn48mpss837ggcqxatnvjzafls3vdsy
815,165325652,component_rdx1cpxw24y0pstl0mawk6uf2pplhdt3fnvs5aj37yykxcn0fk396gch9s
816,165405177,component_rdx1cqmsudywtqyryv9jn09neufc6e39gw89wfvg2pknq4w3tvzlwhn6gr
817,165456799,component_rdx1crrkxxg4s4deugu2kahde7n6emggzkkwxaq93ffahz4744z49kurml
818,165489768,component_rdx1cq2wur95fv3x0wtwdr38p9a8wjn8hrd58ghkp6arhwqfptlseey08p
819,165517539,component_rdx1cryyx20k069rpuy4uquaenlnrm76tcy6mh3549wfgmsa3n9tj00qje
820,165521240,component_rdx1crq2ws66g3zlcfmzslva9uwe3hvhgtjxgdyg058630tu56r766lc6f
821,165565819,component_rdx1cz655qm984e44paxa2wh98kxez3tzm3r20jhknvn5maue475k4kcur
822,165527999,component_rdx1czk0uzu06v4urdnr70p98xv37w0urpywkh2yzk9ljvwr9q42dq5v5a
823,165568899,component_rdx1cr02hcjz2ctpsg622g0d5agsxk3m5sfa34s7cwclewce232epqq2gw
824,165626571,component_rdx1cq8kc0nkcjr9ejeztesnv4r5kznlqvd3rgp9wetq5z9wjhagawx0rk
825,165646215,component_rdx1cpfmggdumzzjz2knp3pq8ec9669fy4lymvzp84u6snwnq8sr2ljepw
826,165837662,component_rdx1cr6cmhkmj0pl7wn4hmmh8t8mxew2hkuww9ayz9tu4y5jx5a3sv6e4s
827,165847009,component_rdx1czqv2e7xw8p98qvqjj025ww97zv4kva0pfjyv4788qjplfzjqw55n5
828,166021279,component_rdx1cpk3a5jdqd0gydf6ycadhh6fpwfav2pmmnq30cf7c8ctzn8fh5h7v5
829,166469564,component_rdx1cr8mgvjseza2peetd5hx5d9y8mpu7w6jvj3czky6fk8rjagpa7z4v5
830,166054646,component_rdx1cpapsjvnznfa3jdtt3l4x2jva0aaxh026ymkvjk6d0ar7ufuhglpuq
831,166089886,component_rdx1cqa0kftrlpg5kqjmyanvc80tmgs6evkl9rt2huqjd6f38ajev3ffvl
832,166180285,component_rdx1cp8gtphejkpya0g738y544addr2wm56fupp9yg02w7md3vvjs23a5n
833,166357761,component_rdx1cq7042aeys4k3tpa0luec2myx77pvdjpavg93v9vyjhsl30x79jj2m
834,166417122,component_rdx1cr7j9vztkvn4uewd7crj7c55393c7hh7dkw92xn992pqrc5leds7yr
835,166817318,component_rdx1cp4p09v7gqgvup67x8e3jmng9knyxrzl3wy2rj9d29fsazvurzan0s
836,166668832,component_rdx1cp38a2y7cygrx34vkc0xnh8f6apnhk74ey0deh9qc95xwvmxzhy9fj
837,166685206,component_rdx1cr0j4rqm0wg7l88gzetgg7xw7uxj860qq67vstgj7x0pgmvcxcdzsl
838,166726726,component_rdx1crudmlmg2dfd8efdp0usdmmyc0rjqkxh02rgr2pjtzfjptye06ykf7
839,166781923,component_rdx1cp70g966m93vzjww28rq43amzjv8gnrj3mgcjc4x2jwy68hhgxvffq
840,166855634,component_rdx1cqrkzq8c8522sfemuepm0ztr8qav8ezf8ugj4sqmxqlj7jcme50ht2
841,166904900,component_rdx1cpj306jh78fx5q7p578mem8zjdxcajx6920jncjyt8lmrzl9nt8fqh
842,166920159,component_rdx1cqmg5z8zv0q899ct3sffel9j0t3jpj5xfu2g4fndzgsdrdh8c3k9zv
843,167231195,component_rdx1cr7qt2298xketpdxx55jm5aytt0dfnxzhtdwz9j44ccgf7nfnzsfqw
844,167182227,component_rdx1cz76nuh7658ec38p6zlq7jzak6esyetcuvqyp3j4am5tk7w85ecz2a
845,167203356,component_rdx1cr42l5kelts7400ne6p558wnzfxq0wspql037g9sgzh9rku65m8wxx
846,167313012,component_rdx1cptwylxn4ufnw9s90mqhgr2m5uwj4h7h2lr3vytjhdxwtau97nd9sg
847,167545860,component_rdx1cr6spnxqql8udmqmaxszwn8w7fn3h465fvh9fjw06zdzdshml3rkxn
848,167759338,component_rdx1cqm8xmt3nh36wwrtnyhgqtsppg80z8zzaj7953dx636thqm88877gl
849,167898568,component_rdx1crxtvhhze83n879c350spkuh0my7n3dz4zykmy7nlu0tp20vc6vl6w
850,167944979,component_rdx1cp2hpsxjnrnyav3nw8ewez4whw4taeajx3v2mpxedpwsv9ezjyrfmf
851,168059748,component_rdx1czalzdah763j5rma8v4rr4xv896wt942459fgywzl99ajsgycsk4q6
852,168070981,component_rdx1cpg80rp73racsaypcnnn9asfrr4cxakg05z2r3m64zy4lqx3ttg77t
853,168077236,component_rdx1cpepv585m7fslxpd6lqtk58znpqk6l0f7mfre59fq95lm4svp0sa8f
854,168091897,component_rdx1cr8l9hu7k8ggkhvcfkdn36sxyulyd9sskcegqkullqcs843nkhfnkm
855,168262860,component_rdx1cp8hfegezt8zuwfkxpfj56wczuucg9txhetjgythnej9xj9kltsagp
856,168365686,component_rdx1czrnvgv6kel5q9n448m04me8zu7x68u3g4x7g5zn422sl7pxkrdjwr
857,168425299,component_rdx1cpx02mpdn6m09geq2lhxkgd5n44ea5prm0d637sz48m4lp3g47490h
858,168560760,component_rdx1cprfg9gdmcxd0aavs9s9ctae746s4zvl8f2q3tn4xhy7cz25prh50w
859,168570171,component_rdx1cru828y6wl8zxdxj6zc0mtskjz80zt2wgdu6hgv9yzgxfkrxk25czx
860,168548719,component_rdx1cr5vaksxt99xuj0j9uy3386h0tu648h2u700akdv02t3ue6unk367r
861,168603879,component_rdx1czgmvsd8d7whae9us863w62wwzskrdq0fg85j2djwg274lscdca6kf
862,168824214,component_rdx1cpqxmjs4uq24y4rl5vsd0d9f340vkppny4y4fxm068x0tdthuxehfl
863,168896468,component_rdx1cq5qm37t475ufa3q08yq9krj8lcp23ucj2t4j3j3005tu9w5rcrjnj
864,169098038,component_rdx1cq7ked4tmzkkk5c8a0vawz7kda6tpuntym9e7ndqs0gad8jq79mqq5
865,169098753,component_rdx1czrjkjwzjmeqmnntntw9nx4m8tf6560cu4wq060c040m5tsqtwq4kx
866,169281791,component_rdx1cqqzd2nxrfyas3ppdmzkwfw6t0yglm85xalej5rqnzl9ts353d2z56
867,169352538,component_rdx1cq42lpzzyr62x5gp0tc3w8j6wl3pwydlhlae3qgctd8nxmukh255xe
868,169441082,component_rdx1cpurgjdac9gx4n73ndjrdc6ny97jhqwelltg580d2dlwjrmxfwwxx4
869,170096571,component_rdx1czfrstdwt8t5xeh4x3uu6w3qn80g4t87dlqssxss5m3gl74ezn3rjz
870,169566440,component_rdx1czll3g0k40ekrd2wrd3xyljhdmeay28ywgdaw03ra7tsny23z3gw80
871,169978511,component_rdx1czvndg8n8jseah5r799hwtuex2xs4uu4l8htvct7cqdu35c66h9l82
872,169983424,component_rdx1cqduza7v78k4w0jr6y0gppm8c6qkqwa7jp0q4ndam6e9xwfp05hu2r
873,169993287,component_rdx1cz5ng798xqsl6jcm6ksv5sn5ss9eepl0xmdplm2yfvhxh8us3rhaqs
874,170070369,component_rdx1cp8eyjqeamxkznxjswpq2cy6gvqftll9ps8fqntcqgv2s8kt8hzzkr
875,170073640,component_rdx1cpdjn2t6fdmxhy0juvry4udst3mgk5j68uzzpq4ce20x3ccn6gzck9
876,170079992,component_rdx1cpf3gk9rgdqfssv0jdn30my8guhtn6engtqthkw405uk5ss5hygp32
877,171588559,component_rdx1cp3yznee9cr3gq63yy7yzp8vnhuc38g98rf7fmnevy4kndsn7j7r0g
878,170091596,component_rdx1cqx00zgk623zfhq835c4at3mmcj5sge6syerptheja0u3qdusq0zqs
879,170103887,component_rdx1cph3vnhm0076j0vv5fuhnwthw44jext6jzl9sc084xdex80pg4r0t6
880,170148554,component_rdx1cpv30yatz97kf4f42xn037k7kr9s8y0wv3ngc0ardqyn97sgfyfclf
881,170162692,component_rdx1czxq6nvgra4fqxjfny34dx8mvn90znux03sh3hggfkr6zez8ze28mx
882,170214669,component_rdx1cp0qgw6u7mt949h0pss5sa53td7yg3scqcvyh79ykc6k7utkpus3ry
883,170239086,component_rdx1crfvgngg574k08hexx0330ysnsd8x974cw9v3q4wymkq6s7330mrgz
884,170298075,component_rdx1czu5a57mvd7ucw8763t8uwudqu8cq7ye5k2u4wa5e6hhaamjnvwvpw
885,170302145,component_rdx1czg37zzvypg3ap87580dszltqenm8p74tdwv4u3ly092evuvzq90q3
886,170345448,component_rdx1cqf57gzezgqhvfz3mhv7puq5q83fvkvrgpfdh7kplg70q6ds3ucufa
887,170471173,component_rdx1crhntdtsf9gww0ryw8r084ynx55eezagx97seusjly576y2q6hmnve
888,170719018,component_rdx1cz27hzgf9xx9a38yj7mzz5qclzap2432yfklhwf2tg3pgrwsetxag4
889,171604691,component_rdx1czjghwxvsp8ffs78p9d8h0n5s30c783rvea7mvad2ldgs5qknscfxm
890,170687976,component_rdx1cr0x3zdt4yl3ws5hg5vr2qcsamhe8kwwy68225hchztgzm35tfwsj9
891,170701170,component_rdx1cpqs0a47w95zxh6zed0npqenvd9qe3d9gm6zgrgkd5sz45qmgw3wtd
892,170816569,component_rdx1cpn64tcygnp53jlnppxnfqdm2r4r9m0dq9mn4gkrhf3vn8c32r7mas
893,170875473,component_rdx1cpdj3mn3ldxsdqf4w84f58cmsr4562sm2eqjcq2eeqten9w72p7jsc
894,170949903,component_rdx1crj83p85a79y9gd55hpkh633uyvulrl93w68mt2nfvdahtjs47q90d
895,171099171,component_rdx1cr5t52ltv3s0jtlzul0upwzvkw5z0fmhmlg5pw9z4j98u9ks0sps3j
896,171154429,component_rdx1cpsksuumwua48m8surmr9gn0flzedandcuurak4lnf0lr4px6rdjuj
